id_bus,id_bus_flng,tx_certif,tm_filing,tm_stamp,cd_trans_type,label,type,cd_subtype,cd_status,nm_name,nm_agt,ad_str1,ad_str2,ad_str3,ad_city,ad_st,ad_zip5,ad_cntry,cd_agt_type,ad_agt_bus_str1,ad_agt_bus_str2,ad_agt_bus_str3,ad_agt_bus_city,ad_agt_bus_st,ad_agt_bus_zip5
171172,807351,REPORT(1993)   ,10101,1994-11-18-01.32.49.904398,CRS     ,ANNUAL REPORT FOR STOCK CORPORATION (DOMESTIC & BENEFIT),CORP,B,AC,"THE WALKER GROUP, INC.                                                                              ","REID AND RIEGE, P.C.                                                                                ",20 WATERSIDE DRIVE,                                        ,                                        ,FARMINGTON                    ,CT,6032,                                        ,B,ONE FINANCIAL PLAZA                     ,                                        ,                                        ,HARTFORD                      ,CT,6103
171172,807348,INCORPORATION  ,19850626,1994-11-18-01.32.49.858259,CIS     ,BUSINESS FORMATION FOR STOCK CORPORATION (DOMESTIC),CORP,B,AC,"THE WALKER GROUP, INC.                                                                              ","REID AND RIEGE, P.C.                                                                                ",20 WATERSIDE DRIVE,                                        ,                                        ,FARMINGTON                    ,CT,6032,                                        ,B,ONE FINANCIAL PLAZA                     ,                                        ,                                        ,HARTFORD                      ,CT,6103
171172,807349,ORG REPORT     ,19850829,1994-11-18-01.32.49.865205,COS     ,ORGANIZATION AND FIRST REPORT FOR STOCK CORPORATION (DOMESTIC),CORP,B,AC,"THE WALKER GROUP, INC.                                                                              ","REID AND RIEGE, P.C.                                                                                ",20 WATERSIDE DRIVE,                                        ,                                        ,FARMINGTON                    ,CT,6032,                                        ,B,ONE FINANCIAL PLAZA                     ,                                        ,                                        ,HARTFORD                      ,CT,6103
171172,807350,CEASE PRINCIPAL,19870206,1994-11-18-01.32.49.867656,CPCS    ,,,B,AC,"THE WALKER GROUP, INC.                                                                              ","REID AND RIEGE, P.C.                                                                                ",20 WATERSIDE DRIVE,                                        ,                                        ,FARMINGTON                    ,CT,6032,                                        ,B,ONE FINANCIAL PLAZA                     ,                                        ,                                        ,HARTFORD                      ,CT,6103
171172,1563593,REPORT (1995)  ,19950822,1995-10-18-09.28.38.776807,CRS     ,ANNUAL REPORT FOR STOCK CORPORATION (DOMESTIC & BENEFIT),CORP,B,AC,"THE WALKER GROUP, INC.                                                                              ","REID AND RIEGE, P.C.                                                                                ",20 WATERSIDE DRIVE,                                        ,                                        ,FARMINGTON                    ,CT,6032,                                        ,B,ONE FINANCIAL PLAZA                     ,                                        ,                                        ,HARTFORD                      ,CT,6103
171172,1626193,REPORT (1996)  ,19960729,1996-08-30-08.04.51.686812,CRS     ,ANNUAL REPORT FOR STOCK CORPORATION (DOMESTIC & BENEFIT),CORP,B,AC,"THE WALKER GROUP, INC.                                                                              ","REID AND RIEGE, P.C.                                                                                ",20 WATERSIDE DRIVE,                                        ,                                        ,FARMINGTON                    ,CT,6032,                                        ,B,ONE FINANCIAL PLAZA                     ,                                        ,                                        ,HARTFORD                      ,CT,6103
171172,1634182,AMEND NAME     ,19960920,1996-09-20-15.40.07.252233,CAS     ,BUSINESS AMENDMENT FOR STOCK CORPORATION (DOMESTIC) ,CORP,B,AC,"THE WALKER GROUP, INC.                                                                              ","REID AND RIEGE, P.C.                                                                                ",20 WATERSIDE DRIVE,                                        ,                                        ,FARMINGTON                    ,CT,6032,                                        ,B,ONE FINANCIAL PLAZA                     ,                                        ,                                        ,HARTFORD                      ,CT,6103
171172,1896829,REPORT (1998)  ,19980803,1998-09-25-10.22.52.632359,CRS     ,ANNUAL REPORT FOR STOCK CORPORATION (DOMESTIC & BENEFIT),CORP,B,AC,"THE WALKER GROUP, INC.                                                                              ","REID AND RIEGE, P.C.                                                                                ",20 WATERSIDE DRIVE,                                        ,                                        ,FARMINGTON                    ,CT,6032,                                        ,B,ONE FINANCIAL PLAZA                     ,                                        ,                                        ,HARTFORD                      ,CT,6103
171172,1896828,REPORT (1997)  ,19980803,1998-09-25-10.22.15.380252,CRS     ,ANNUAL REPORT FOR STOCK CORPORATION (DOMESTIC & BENEFIT),CORP,B,AC,"THE WALKER GROUP, INC.                                                                              ","REID AND RIEGE, P.C.                                                                                ",20 WATERSIDE DRIVE,                                        ,                                        ,FARMINGTON                    ,CT,6032,                                        ,B,ONE FINANCIAL PLAZA                     ,                                        ,                                        ,HARTFORD                      ,CT,6103
171172,1991492,REPORT (1999)  ,19990623,1999-06-24-09.06.22.485050,CRS     ,ANNUAL REPORT FOR STOCK CORPORATION (DOMESTIC & BENEFIT),CORP,B,AC,"THE WALKER GROUP, INC.                                                                              ","REID AND RIEGE, P.C.                                                                                ",20 WATERSIDE DRIVE,                                        ,                                        ,FARMINGTON                    ,CT,6032,                                        ,B,ONE FINANCIAL PLAZA                     ,                                        ,                                        ,HARTFORD                      ,CT,6103
171172,2227488,REPORT (2000)  ,20010205,2001-03-15-14.49.17.751232,CRS     ,ANNUAL REPORT FOR STOCK CORPORATION (DOMESTIC & BENEFIT),CORP,B,AC,"THE WALKER GROUP, INC.                                                                              ","REID AND RIEGE, P.C.                                                                                ",20 WATERSIDE DRIVE,                                        ,                                        ,FARMINGTON                    ,CT,6032,                                        ,B,ONE FINANCIAL PLAZA                     ,                                        ,                                        ,HARTFORD                      ,CT,6103
171172,2309607,REPORT (2001)  ,20010702,2001-08-29-12.06.02.111829,CRS     ,ANNUAL REPORT FOR STOCK CORPORATION (DOMESTIC & BENEFIT),CORP,B,AC,"THE WALKER GROUP, INC.                                                                              ","REID AND RIEGE, P.C.                                                                                ",20 WATERSIDE DRIVE,                                        ,                                        ,FARMINGTON                    ,CT,6032,                                        ,B,ONE FINANCIAL PLAZA                     ,                                        ,                                        ,HARTFORD                      ,CT,6103
171172,2443953,ADDRESS        ,20020716,2002-07-16-12.39.29.599340,ACM     ,"BUSINESS ADDRESS CHANGE FOR CORPORATIONS, LIMITED PARTNERSHIP, LIMITED LIABILITY COMPANY, LIMITED LIABILITY PARTNERSHIP, STATUTARY TRUST (DOMESTIC & FOREIGN) [including Benefit Corporation]",,B,AC,"THE WALKER GROUP, INC.                                                                              ","REID AND RIEGE, P.C.                                                                                ",20 WATERSIDE DRIVE,                                        ,                                        ,FARMINGTON                    ,CT,6032,                                        ,B,ONE FINANCIAL PLAZA                     ,                                        ,                                        ,HARTFORD                      ,CT,6103
171172,2448449,REPORT (2002)  ,20020716,2002-07-23-14.28.33.132024,CRS     ,ANNUAL REPORT FOR STOCK CORPORATION (DOMESTIC & BENEFIT),CORP,B,AC,"THE WALKER GROUP, INC.                                                                              ","REID AND RIEGE, P.C.                                                                                ",20 WATERSIDE DRIVE,                                        ,                                        ,FARMINGTON                    ,CT,6032,                                        ,B,ONE FINANCIAL PLAZA                     ,                                        ,                                        ,HARTFORD                      ,CT,6103
171172,3005974,REPORT (2003)  ,20051013,2005-10-13-18.31.50.000000,CRS     ,ANNUAL REPORT FOR STOCK CORPORATION (DOMESTIC & BENEFIT),CORP,B,AC,"THE WALKER GROUP, INC.                                                                              ","REID AND RIEGE, P.C.                                                                                ",20 WATERSIDE DRIVE,                                        ,                                        ,FARMINGTON                    ,CT,6032,                                        ,B,ONE FINANCIAL PLAZA                     ,                                        ,                                        ,HARTFORD                      ,CT,6103
171172,3005976,REPORT (2005)  ,20051013,2005-10-13-18.34.05.000000,CRS     ,ANNUAL REPORT FOR STOCK CORPORATION (DOMESTIC & BENEFIT),CORP,B,AC,"THE WALKER GROUP, INC.                                                                              ","REID AND RIEGE, P.C.                                                                                ",20 WATERSIDE DRIVE,                                        ,                                        ,FARMINGTON                    ,CT,6032,                                        ,B,ONE FINANCIAL PLAZA                     ,                                        ,                                        ,HARTFORD                      ,CT,6103
171172,3005975,REPORT (2004)  ,20051013,2005-10-13-18.33.01.000000,CRS     ,ANNUAL REPORT FOR STOCK CORPORATION (DOMESTIC & BENEFIT),CORP,B,AC,"THE WALKER GROUP, INC.                                                                              ","REID AND RIEGE, P.C.                                                                                ",20 WATERSIDE DRIVE,                                        ,                                        ,FARMINGTON                    ,CT,6032,                                        ,B,ONE FINANCIAL PLAZA                     ,                                        ,                                        ,HARTFORD                      ,CT,6103
171172,3236563,REPORT (2006)  ,20060627,2006-06-27-11.45.32.000000,CRS     ,ANNUAL REPORT FOR STOCK CORPORATION (DOMESTIC & BENEFIT),CORP,B,AC,"THE WALKER GROUP, INC.                                                                              ","REID AND RIEGE, P.C.                                                                                ",20 WATERSIDE DRIVE,                                        ,                                        ,FARMINGTON                    ,CT,6032,                                        ,B,ONE FINANCIAL PLAZA                     ,                                        ,                                        ,HARTFORD                      ,CT,6103
171172,3491564,RESTATE        ,20070711,2007-07-11-15.47.34.429385,CAS     ,BUSINESS AMENDMENT FOR STOCK CORPORATION (DOMESTIC) ,CORP,B,AC,"THE WALKER GROUP, INC.                                                                              ","REID AND RIEGE, P.C.                                                                                ",20 WATERSIDE DRIVE,                                        ,                                        ,FARMINGTON                    ,CT,6032,                                        ,B,ONE FINANCIAL PLAZA                     ,                                        ,                                        ,HARTFORD                      ,CT,6103
171172,3702580,REPORT (2007)  ,20080615,2008-06-15-15.10.38.000000,CRS     ,ANNUAL REPORT FOR STOCK CORPORATION (DOMESTIC & BENEFIT),CORP,B,AC,"THE WALKER GROUP, INC.                                                                              ","REID AND RIEGE, P.C.                                                                                ",20 WATERSIDE DRIVE,                                        ,                                        ,FARMINGTON                    ,CT,6032,                                        ,B,ONE FINANCIAL PLAZA                     ,                                        ,                                        ,HARTFORD                      ,CT,6103
171172,3702581,REPORT (2008)  ,20080615,2008-06-15-15.12.50.000000,CRS     ,ANNUAL REPORT FOR STOCK CORPORATION (DOMESTIC & BENEFIT),CORP,B,AC,"THE WALKER GROUP, INC.                                                                              ","REID AND RIEGE, P.C.                                                                                ",20 WATERSIDE DRIVE,                                        ,                                        ,FARMINGTON                    ,CT,6032,                                        ,B,ONE FINANCIAL PLAZA                     ,                                        ,                                        ,HARTFORD                      ,CT,6103
171172,3947941,REPORT (2009)  ,20090615,2009-06-15-10.07.34.000000,CRS     ,ANNUAL REPORT FOR STOCK CORPORATION (DOMESTIC & BENEFIT),CORP,B,AC,"THE WALKER GROUP, INC.                                                                              ","REID AND RIEGE, P.C.                                                                                ",20 WATERSIDE DRIVE,                                        ,                                        ,FARMINGTON                    ,CT,6032,                                        ,B,ONE FINANCIAL PLAZA                     ,                                        ,                                        ,HARTFORD                      ,CT,6103
171172,4170308,REPORT (2010)  ,20100525,2010-05-25-15.11.30.000000,CRS     ,ANNUAL REPORT FOR STOCK CORPORATION (DOMESTIC & BENEFIT),CORP,B,AC,"THE WALKER GROUP, INC.                                                                              ","REID AND RIEGE, P.C.                                                                                ",20 WATERSIDE DRIVE,                                        ,                                        ,FARMINGTON                    ,CT,6032,                                        ,B,ONE FINANCIAL PLAZA                     ,                                        ,                                        ,HARTFORD                      ,CT,6103
171172,4376675,REPORT (2011)  ,20110517,2011-05-17-17.23.54.000000,CRS     ,ANNUAL REPORT FOR STOCK CORPORATION (DOMESTIC & BENEFIT),CORP,B,AC,"THE WALKER GROUP, INC.                                                                              ","REID AND RIEGE, P.C.                                                                                ",20 WATERSIDE DRIVE,                                        ,                                        ,FARMINGTON                    ,CT,6032,                                        ,B,ONE FINANCIAL PLAZA                     ,                                        ,                                        ,HARTFORD                      ,CT,6103
171172,4539863,AMEND NAME     ,20120306,2012-03-08-08.21.45.443627,CAS     ,BUSINESS AMENDMENT FOR STOCK CORPORATION (DOMESTIC) ,CORP,B,AC,"THE WALKER GROUP, INC.                                                                              ","REID AND RIEGE, P.C.                                                                                ",20 WATERSIDE DRIVE,                                        ,                                        ,FARMINGTON                    ,CT,6032,                                        ,B,ONE FINANCIAL PLAZA                     ,                                        ,                                        ,HARTFORD                      ,CT,6103
171172,4656102,REPORT (2012)  ,20120606,2012-06-06-15.32.27.000000,CRS     ,ANNUAL REPORT FOR STOCK CORPORATION (DOMESTIC & BENEFIT),CORP,B,AC,"THE WALKER GROUP, INC.                                                                              ","REID AND RIEGE, P.C.                                                                                ",20 WATERSIDE DRIVE,                                        ,                                        ,FARMINGTON                    ,CT,6032,                                        ,B,ONE FINANCIAL PLAZA                     ,                                        ,                                        ,HARTFORD                      ,CT,6103
171172,4858700,REPORT (2013)  ,20130513,2013-05-13-10.12.53.000000,CRS     ,ANNUAL REPORT FOR STOCK CORPORATION (DOMESTIC & BENEFIT),CORP,B,AC,"THE WALKER GROUP, INC.                                                                              ","REID AND RIEGE, P.C.                                                                                ",20 WATERSIDE DRIVE,                                        ,                                        ,FARMINGTON                    ,CT,6032,                                        ,B,ONE FINANCIAL PLAZA                     ,                                        ,                                        ,HARTFORD                      ,CT,6103
171172,5066341,RESTATE        ,20140311,2014-03-21-11.22.27.156850,CAS     ,BUSINESS AMENDMENT FOR STOCK CORPORATION (DOMESTIC) ,CORP,B,AC,"THE WALKER GROUP, INC.                                                                              ","REID AND RIEGE, P.C.                                                                                ",20 WATERSIDE DRIVE,                                        ,                                        ,FARMINGTON                    ,CT,6032,                                        ,B,ONE FINANCIAL PLAZA                     ,                                        ,                                        ,HARTFORD                      ,CT,6103
171172,5122548,REPORT (2014)  ,20140609,2014-06-09-15.00.11.000000,CRS     ,ANNUAL REPORT FOR STOCK CORPORATION (DOMESTIC & BENEFIT),CORP,B,AC,"THE WALKER GROUP, INC.                                                                              ","REID AND RIEGE, P.C.                                                                                ",20 WATERSIDE DRIVE,                                        ,                                        ,FARMINGTON                    ,CT,6032,                                        ,B,ONE FINANCIAL PLAZA                     ,                                        ,                                        ,HARTFORD                      ,CT,6103
171172,5193218,ELECT B-STATUS ,20141001,2014-10-01-14.54.14.000000,CAS     ,BUSINESS AMENDMENT FOR STOCK CORPORATION (DOMESTIC) ,CORP,B,AC,"THE WALKER GROUP, INC.                                                                              ","REID AND RIEGE, P.C.                                                                                ",20 WATERSIDE DRIVE,                                        ,                                        ,FARMINGTON                    ,CT,6032,                                        ,B,ONE FINANCIAL PLAZA                     ,                                        ,                                        ,HARTFORD                      ,CT,6103
844504,3097588,ORGANIZATION   ,20060103,2006-01-06-14.45.59.152792,LC      ,BUSINESS FORMATION FOR LIMITED LIABILITY COMPANY (DOMESTIC),LLC,B,AC,"WALT-THE-MAD, INC.                                                                                  ",MCR& P SERVICE CORPORATION                                                                          ,367 WEST HIGH STREET                    ,                                        ,                                        ,COBALT                        ,CT,6414,                                        ,B,C/O MURTHA CULLINA LLP                  ,CITYPLACE 1                             ,185 ASYLUM STREET                       ,HARTFORD                      ,CT,6103
844504,3102819,AMEND NAME     ,20060111,2006-01-11-10.54.12.498050,LCA     ,BUSINESS AMENDMENTS FOR LIMITED LIABILITY COMPANY (DOMESTIC),LLC,B,AC,"WALT-THE-MAD, INC.                                                                                  ",MCR& P SERVICE CORPORATION                                                                          ,367 WEST HIGH STREET                    ,                                        ,                                        ,COBALT                        ,CT,6414,                                        ,B,C/O MURTHA CULLINA LLP                  ,CITYPLACE 1                             ,185 ASYLUM STREET                       ,HARTFORD                      ,CT,6103
844504,3386895,REPORT (2007)  ,20070126,2007-02-05-11.51.43.000000,CRLC    ,ANNUAL REPORT FOR LIMITED LIABILITY COMPANY (DOMESTIC),LLC,B,AC,"WALT-THE-MAD, INC.                                                                                  ",MCR& P SERVICE CORPORATION                                                                          ,367 WEST HIGH STREET                    ,                                        ,                                        ,COBALT                        ,CT,6414,                                        ,B,C/O MURTHA CULLINA LLP                  ,CITYPLACE 1                             ,185 ASYLUM STREET                       ,HARTFORD                      ,CT,6103
844504,3626005,REPORT (2008)  ,20080204,2008-02-07-15.15.42.000000,CRLC    ,ANNUAL REPORT FOR LIMITED LIABILITY COMPANY (DOMESTIC),LLC,B,AC,"WALT-THE-MAD, INC.                                                                                  ",MCR& P SERVICE CORPORATION                                                                          ,367 WEST HIGH STREET                    ,                                        ,                                        ,COBALT                        ,CT,6414,                                        ,B,C/O MURTHA CULLINA LLP                  ,CITYPLACE 1                             ,185 ASYLUM STREET                       ,HARTFORD                      ,CT,6103
844504,3868080,REPORT (2009)  ,20090120,2009-02-17-13.12.34.000000,CRLC    ,ANNUAL REPORT FOR LIMITED LIABILITY COMPANY (DOMESTIC),LLC,B,AC,"WALT-THE-MAD, INC.                                                                                  ",MCR& P SERVICE CORPORATION                                                                          ,367 WEST HIGH STREET                    ,                                        ,                                        ,COBALT                        ,CT,6414,                                        ,B,C/O MURTHA CULLINA LLP                  ,CITYPLACE 1                             ,185 ASYLUM STREET                       ,HARTFORD                      ,CT,6103
844504,4119313,REPORT (2010)  ,20100125,2010-03-12-09.20.22.000000,CRLC    ,ANNUAL REPORT FOR LIMITED LIABILITY COMPANY (DOMESTIC),LLC,B,AC,"WALT-THE-MAD, INC.                                                                                  ",MCR& P SERVICE CORPORATION                                                                          ,367 WEST HIGH STREET                    ,                                        ,                                        ,COBALT                        ,CT,6414,                                        ,B,C/O MURTHA CULLINA LLP                  ,CITYPLACE 1                             ,185 ASYLUM STREET                       ,HARTFORD                      ,CT,6103
844504,4395648,REPORT (2011)  ,20110131,2011-06-22-11.31.07.000000,CRLC    ,ANNUAL REPORT FOR LIMITED LIABILITY COMPANY (DOMESTIC),LLC,B,AC,"WALT-THE-MAD, INC.                                                                                  ",MCR& P SERVICE CORPORATION                                                                          ,367 WEST HIGH STREET                    ,                                        ,                                        ,COBALT                        ,CT,6414,                                        ,B,C/O MURTHA CULLINA LLP                  ,CITYPLACE 1                             ,185 ASYLUM STREET                       ,HARTFORD                      ,CT,6103
844504,4504682,REPORT (2012)  ,20120116,2012-01-16-11.36.16.000000,CRLC    ,ANNUAL REPORT FOR LIMITED LIABILITY COMPANY (DOMESTIC),LLC,B,AC,"WALT-THE-MAD, INC.                                                                                  ",MCR& P SERVICE CORPORATION                                                                          ,367 WEST HIGH STREET                    ,                                        ,                                        ,COBALT                        ,CT,6414,                                        ,B,C/O MURTHA CULLINA LLP                  ,CITYPLACE 1                             ,185 ASYLUM STREET                       ,HARTFORD                      ,CT,6103
844504,4770433,REPORT (2013)  ,20121227,2012-12-27-12.27.38.000000,CRLC    ,ANNUAL REPORT FOR LIMITED LIABILITY COMPANY (DOMESTIC),LLC,B,AC,"WALT-THE-MAD, INC.                                                                                  ",MCR& P SERVICE CORPORATION                                                                          ,367 WEST HIGH STREET                    ,                                        ,                                        ,COBALT                        ,CT,6414,                                        ,B,C/O MURTHA CULLINA LLP                  ,CITYPLACE 1                             ,185 ASYLUM STREET                       ,HARTFORD                      ,CT,6103
844504,5012959,REPORT (2014)  ,20140102,2014-01-02-09.11.19.000000,CRLC    ,ANNUAL REPORT FOR LIMITED LIABILITY COMPANY (DOMESTIC),LLC,B,AC,"WALT-THE-MAD, INC.                                                                                  ",MCR& P SERVICE CORPORATION                                                                          ,367 WEST HIGH STREET                    ,                                        ,                                        ,COBALT                        ,CT,6414,                                        ,B,C/O MURTHA CULLINA LLP                  ,CITYPLACE 1                             ,185 ASYLUM STREET                       ,HARTFORD                      ,CT,6103
844504,5193235,CONVERSION-B   ,20141001,2014-10-01-15.08.07.000000,BCORP   ,BUSINESS FORMATION FOR BENEFIT CORPORATION,BEN,B,AC,"WALT-THE-MAD, INC.                                                                                  ",MCR& P SERVICE CORPORATION                                                                          ,367 WEST HIGH STREET                    ,                                        ,                                        ,COBALT                        ,CT,6414,                                        ,B,C/O MURTHA CULLINA LLP                  ,CITYPLACE 1                             ,185 ASYLUM STREET                       ,HARTFORD                      ,CT,6103
1057471,4496792,INCORPORATION  ,20111227,2012-01-05-08.21.28.229503,CIS     ,BUSINESS FORMATION FOR STOCK CORPORATION (DOMESTIC),CORP,B,AC,THE TAN2000 INTERNATIONAL HOLDINGS CORPORATION                                                      ,DAVID W. HALE                                                                                       ,                                        ,                                        ,                                        ,                              ,  ,     ,                                        ,I,2275 SILAS DEANE HIGHWAY                ,"THIRD FLOOR, DHA SUITE                  ",                                        ,ROCKY HILL                    ,CT,6067
1057471,4501961,ORG REPORT     ,20120111,2012-01-12-09.54.32.157838,COS     ,ORGANIZATION AND FIRST REPORT FOR STOCK CORPORATION (DOMESTIC),CORP,B,AC,THE TAN2000 INTERNATIONAL HOLDINGS CORPORATION                                                      ,DAVID W. HALE                                                                                       ,                                        ,                                        ,                                        ,                              ,  ,     ,                                        ,I,2275 SILAS DEANE HIGHWAY                ,"THIRD FLOOR, DHA SUITE                  ",                                        ,ROCKY HILL                    ,CT,6067
1057471,4506138,SURVIVE        ,20120117,2012-01-17-17.18.15.861319,CMS     ,CERTIFICATE OF MERGER FOR DOMESTIC & FOREIGN STOCK CORPORATION ,,B,AC,THE TAN2000 INTERNATIONAL HOLDINGS CORPORATION                                                      ,DAVID W. HALE                                                                                       ,                                        ,                                        ,                                        ,                              ,  ,     ,                                        ,I,2275 SILAS DEANE HIGHWAY                ,"THIRD FLOOR, DHA SUITE                  ",                                        ,ROCKY HILL                    ,CT,6067
1057471,5033223,REPORT (2013)  ,20140130,2014-01-30-21.34.48.000000,CRS     ,ANNUAL REPORT FOR STOCK CORPORATION (DOMESTIC & BENEFIT),CORP,B,AC,THE TAN2000 INTERNATIONAL HOLDINGS CORPORATION                                                      ,DAVID W. HALE                                                                                       ,                                        ,                                        ,                                        ,                              ,  ,     ,                                        ,I,2275 SILAS DEANE HIGHWAY                ,"THIRD FLOOR, DHA SUITE                  ",                                        ,ROCKY HILL                    ,CT,6067
1057471,5202550,ELECT B-STATUS ,20141016,2014-10-20-10.07.28.000000,CAS     ,BUSINESS AMENDMENT FOR STOCK CORPORATION (DOMESTIC) ,CORP,B,AC,THE TAN2000 INTERNATIONAL HOLDINGS CORPORATION                                                      ,DAVID W. HALE                                                                                       ,                                        ,                                        ,                                        ,                              ,  ,     ,                                        ,I,2275 SILAS DEANE HIGHWAY                ,"THIRD FLOOR, DHA SUITE                  ",                                        ,ROCKY HILL                    ,CT,6067
1088811,4746848,ORGANIZATION   ,20121114,2012-11-15-10.35.45.317675,LC      ,BUSINESS FORMATION FOR LIMITED LIABILITY COMPANY (DOMESTIC),LLC,B,AC,FRESH FARM AQUAPONICS INC.                                                                          ,MCR&P SERVICE CORPORATION                                                                           ,338 FOOTE RD                            ,                                        ,                                        ,SOUTH GLASTONBURY             ,CT,6073,                                        ,B,C/O MURTHA CULLINA LLP                  ,CITYPLACE 1                             ,185 ASYLUM STREET                       ,HARTFORD                      ,CT,6103
1088811,5140539,REPORT (2013)  ,20140707,2014-07-07-17.32.11.000000,CRLC    ,ANNUAL REPORT FOR LIMITED LIABILITY COMPANY (DOMESTIC),LLC,B,AC,FRESH FARM AQUAPONICS INC.                                                                          ,MCR&P SERVICE CORPORATION                                                                           ,338 FOOTE RD                            ,                                        ,                                        ,SOUTH GLASTONBURY             ,CT,6073,                                        ,B,C/O MURTHA CULLINA LLP                  ,CITYPLACE 1                             ,185 ASYLUM STREET                       ,HARTFORD                      ,CT,6103
1088811,5193307,CONVERSION-B   ,20141001,2014-10-01-16.08.36.279997,BCORP   ,BUSINESS FORMATION FOR BENEFIT CORPORATION,BEN,B,AC,FRESH FARM AQUAPONICS INC.                                                                          ,MCR&P SERVICE CORPORATION                                                                           ,338 FOOTE RD                            ,                                        ,                                        ,SOUTH GLASTONBURY             ,CT,6073,                                        ,B,C/O MURTHA CULLINA LLP                  ,CITYPLACE 1                             ,185 ASYLUM STREET                       ,HARTFORD                      ,CT,6103
1088811,5466488,ORG REPORT     ,20160111,2016-01-19-10.08.06.000000,COB     ,ORGANIZATION AND FIRST REPORT FOR BENEFIT CORPORATION,BEN,B,AC,FRESH FARM AQUAPONICS INC.                                                                          ,MCR&P SERVICE CORPORATION                                                                           ,338 FOOTE RD                            ,                                        ,                                        ,SOUTH GLASTONBURY             ,CT,6073,                                        ,B,C/O MURTHA CULLINA LLP                  ,CITYPLACE 1                             ,185 ASYLUM STREET                       ,HARTFORD                      ,CT,6103
1088811,5466877,REPORT (2015)  ,20160119,2016-01-19-14.13.40.000000,CRS     ,ANNUAL REPORT FOR STOCK CORPORATION (DOMESTIC & BENEFIT),CORP,B,AC,FRESH FARM AQUAPONICS INC.                                                                          ,MCR&P SERVICE CORPORATION                                                                           ,338 FOOTE RD                            ,                                        ,                                        ,SOUTH GLASTONBURY             ,CT,6073,                                        ,B,C/O MURTHA CULLINA LLP                  ,CITYPLACE 1                             ,185 ASYLUM STREET                       ,HARTFORD                      ,CT,6103
1088811,5466874,REPORT (2014)  ,20160119,2016-01-19-14.11.39.000000,CRS     ,ANNUAL REPORT FOR STOCK CORPORATION (DOMESTIC & BENEFIT),CORP,B,AC,FRESH FARM AQUAPONICS INC.                                                                          ,MCR&P SERVICE CORPORATION                                                                           ,338 FOOTE RD                            ,                                        ,                                        ,SOUTH GLASTONBURY             ,CT,6073,                                        ,B,C/O MURTHA CULLINA LLP                  ,CITYPLACE 1                             ,185 ASYLUM STREET                       ,HARTFORD                      ,CT,6103
1091100,4760970,ORG REPORT     ,20121206,2012-12-11-16.16.38.163316,COS     ,ORGANIZATION AND FIRST REPORT FOR STOCK CORPORATION (DOMESTIC),CORP,B,AC,WEST CORNWALL PUBLISHING COMPANY                                                                    ,BRIAN MCCORMICK                                                                                     ,                                        ,                                        ,                                        ,                              ,  ,     ,                                        ,I,24 MASON STREET                         ,                                        ,                                        ,TORRINGTON                    ,CT,6790
1091100,4760936,INCORPORATION  ,20121206,2012-12-11-15.56.17.821484,CIS     ,BUSINESS FORMATION FOR STOCK CORPORATION (DOMESTIC),CORP,B,AC,WEST CORNWALL PUBLISHING COMPANY                                                                    ,BRIAN MCCORMICK                                                                                     ,                                        ,                                        ,                                        ,                              ,  ,     ,                                        ,I,24 MASON STREET                         ,                                        ,                                        ,TORRINGTON                    ,CT,6790
1091100,5193181,ELECT B-STATUS ,20141001,2014-10-01-14.29.59.000000,CAS     ,BUSINESS AMENDMENT FOR STOCK CORPORATION (DOMESTIC) ,CORP,B,AC,WEST CORNWALL PUBLISHING COMPANY                                                                    ,BRIAN MCCORMICK                                                                                     ,                                        ,                                        ,                                        ,                              ,  ,     ,                                        ,I,24 MASON STREET                         ,                                        ,                                        ,TORRINGTON                    ,CT,6790
1092789,4775447,INCORPORATION  ,20130107,2013-01-07-09.55.15.528233,CIS     ,BUSINESS FORMATION FOR STOCK CORPORATION (DOMESTIC),CORP,B,AC,THE CLOUDERATOR CORPORATION                                                                         ,THE TAN2000 INTERNATIONAL HOLDINGS CORPORATION                                                      ,                                        ,                                        ,                                        ,                              ,  ,     ,                                        ,B,2275 SILAS DEANE HIGHWAY                ,THIRD FL-DHA SUITE                      ,                                        ,ROCKY HILL                    ,CT,6067
1092789,4831558,ORG REPORT     ,20130318,2013-04-01-13.51.01.203189,COS     ,ORGANIZATION AND FIRST REPORT FOR STOCK CORPORATION (DOMESTIC),CORP,B,AC,THE CLOUDERATOR CORPORATION                                                                         ,THE TAN2000 INTERNATIONAL HOLDINGS CORPORATION                                                      ,                                        ,                                        ,                                        ,                              ,  ,     ,                                        ,B,2275 SILAS DEANE HIGHWAY                ,THIRD FL-DHA SUITE                      ,                                        ,ROCKY HILL                    ,CT,6067
1092789,5033233,REPORT (2014)  ,20140130,2014-01-30-21.43.35.000000,CRS     ,ANNUAL REPORT FOR STOCK CORPORATION (DOMESTIC & BENEFIT),CORP,B,AC,THE CLOUDERATOR CORPORATION                                                                         ,THE TAN2000 INTERNATIONAL HOLDINGS CORPORATION                                                      ,                                        ,                                        ,                                        ,                              ,  ,     ,                                        ,B,2275 SILAS DEANE HIGHWAY                ,THIRD FL-DHA SUITE                      ,                                        ,ROCKY HILL                    ,CT,6067
1092789,5202533,ELECT B-STATUS ,20141016,2014-10-20-09.50.24.000000,CAS     ,BUSINESS AMENDMENT FOR STOCK CORPORATION (DOMESTIC) ,CORP,B,AC,THE CLOUDERATOR CORPORATION                                                                         ,THE TAN2000 INTERNATIONAL HOLDINGS CORPORATION                                                      ,                                        ,                                        ,                                        ,                              ,  ,     ,                                        ,B,2275 SILAS DEANE HIGHWAY                ,THIRD FL-DHA SUITE                      ,                                        ,ROCKY HILL                    ,CT,6067
1097607,4807671,ORGANIZATION   ,20130214,2013-02-23-10.47.13.776344,LC      ,BUSINESS FORMATION FOR LIMITED LIABILITY COMPANY (DOMESTIC),LLC,B,AC,A HAPPY LIFE INC.                                                                                   ,MCR&P SERVICE CORPORATION                                                                           ,756 CHAPEL STREET                       ,                                        ,                                        ,NEW HAVEN                     ,CT,6510,                                        ,B,C/O MURTHA CULLINA LLP                  ,CITYPLACE I                             ,185 ASYLUM STREET                       ,HARTFORD                      ,CT,6103
1097607,5193043,CONVERSION-B   ,20141001,2014-10-01-12.56.44.244888,BCORP   ,BUSINESS FORMATION FOR BENEFIT CORPORATION,BEN,B,AC,A HAPPY LIFE INC.                                                                                   ,MCR&P SERVICE CORPORATION                                                                           ,756 CHAPEL STREET                       ,                                        ,                                        ,NEW HAVEN                     ,CT,6510,                                        ,B,C/O MURTHA CULLINA LLP                  ,CITYPLACE I                             ,185 ASYLUM STREET                       ,HARTFORD                      ,CT,6103
1097607,5452489,ORG REPORT     ,20151221,2015-12-23-14.57.11.000000,COB     ,ORGANIZATION AND FIRST REPORT FOR BENEFIT CORPORATION,BEN,B,AC,A HAPPY LIFE INC.                                                                                   ,MCR&P SERVICE CORPORATION                                                                           ,756 CHAPEL STREET                       ,                                        ,                                        ,NEW HAVEN                     ,CT,6510,                                        ,B,C/O MURTHA CULLINA LLP                  ,CITYPLACE I                             ,185 ASYLUM STREET                       ,HARTFORD                      ,CT,6103
1108868,4871912,ORGANIZATION   ,20130604,2013-06-05-10.41.24.358409,LC      ,BUSINESS FORMATION FOR LIMITED LIABILITY COMPANY (DOMESTIC),LLC,B,AC,"GUTSY GIRL CLUB, INC.                                                                               ",HEATHER FREEMAN                                                                                     ,                                        ,                                        ,                                        ,                              ,  ,     ,                                        ,I,338 SHENIPSIT LAKE RD                   ,                                        ,                                        ,TOLLAND                       ,CT,6084
1108868,5142622,REPORT (2014)  ,20140710,2014-07-10-15.08.51.000000,CRLC    ,ANNUAL REPORT FOR LIMITED LIABILITY COMPANY (DOMESTIC),LLC,B,AC,"GUTSY GIRL CLUB, INC.                                                                               ",HEATHER FREEMAN                                                                                     ,                                        ,                                        ,                                        ,                              ,  ,     ,                                        ,I,338 SHENIPSIT LAKE RD                   ,                                        ,                                        ,TOLLAND                       ,CT,6084
1108868,5192957,CONVERSION-B   ,20141001,2014-10-01-12.14.41.065436,BCORP   ,BUSINESS FORMATION FOR BENEFIT CORPORATION,BEN,B,AC,"GUTSY GIRL CLUB, INC.                                                                               ",HEATHER FREEMAN                                                                                     ,                                        ,                                        ,                                        ,                              ,  ,     ,                                        ,I,338 SHENIPSIT LAKE RD                   ,                                        ,                                        ,TOLLAND                       ,CT,6084
1113888,4909197,ORGANIZATION   ,20130723,2013-07-29-09.29.44.096622,LC      ,BUSINESS FORMATION FOR LIMITED LIABILITY COMPANY (DOMESTIC),LLC,B,AC,IMISSION INSTITUTE INC.                                                                             ,MCR&P SERVICE CORPORATION                                                                           ,760 CHAPEL STREET                       ,                                        ,                                        ,HAMDEN                        ,CT,6510,                                        ,B,C/O MURTHA CULLINA LLP                  ,CITYPLACE I                             ,185 ASYLUM STREET                       ,HARTFORD                      ,CT,6103
1113888,5243898,REPORT (2014)  ,20141229,2014-12-29-10.17.21.000000,CRLC    ,ANNUAL REPORT FOR LIMITED LIABILITY COMPANY (DOMESTIC),LLC,B,AC,IMISSION INSTITUTE INC.                                                                             ,MCR&P SERVICE CORPORATION                                                                           ,760 CHAPEL STREET                       ,                                        ,                                        ,HAMDEN                        ,CT,6510,                                        ,B,C/O MURTHA CULLINA LLP                  ,CITYPLACE I                             ,185 ASYLUM STREET                       ,HARTFORD                      ,CT,6103
1113888,5381450,CONVERSION-B   ,20150813,2015-08-17-11.22.39.226134,LCA     ,BUSINESS AMENDMENTS FOR LIMITED LIABILITY COMPANY (DOMESTIC),LLC,B,AC,IMISSION INSTITUTE INC.                                                                             ,MCR&P SERVICE CORPORATION                                                                           ,760 CHAPEL STREET                       ,                                        ,                                        ,HAMDEN                        ,CT,6510,                                        ,B,C/O MURTHA CULLINA LLP                  ,CITYPLACE I                             ,185 ASYLUM STREET                       ,HARTFORD                      ,CT,6103
1113888,5383338,ORG REPORT     ,20150818,2015-08-20-10.45.55.000000,COB     ,ORGANIZATION AND FIRST REPORT FOR BENEFIT CORPORATION,BEN,B,AC,IMISSION INSTITUTE INC.                                                                             ,MCR&P SERVICE CORPORATION                                                                           ,760 CHAPEL STREET                       ,                                        ,                                        ,HAMDEN                        ,CT,6510,                                        ,B,C/O MURTHA CULLINA LLP                  ,CITYPLACE I                             ,185 ASYLUM STREET                       ,HARTFORD                      ,CT,6103
1122906,4974394,ORGANIZATION   ,20131028,2013-11-01-09.05.30.507716,LC      ,BUSINESS FORMATION FOR LIMITED LIABILITY COMPANY (DOMESTIC),LLC,B,AC,"GENIUS BOX, INC.                                                                                    ",KATE PIPA                                                                                           ,7 QUAIL COURT                           ,                                        ,                                        ,SHELTON                       ,CT,6484,                                        ,I,7 QUAIL COURT                           ,                                        ,                                        ,SHELTON                       ,CT,6484
1122906,5193675,CONVERSION-B   ,20141001,2014-10-02-11.10.52.998992,BCORP   ,BUSINESS FORMATION FOR BENEFIT CORPORATION,BEN,B,AC,"GENIUS BOX, INC.                                                                                    ",KATE PIPA                                                                                           ,7 QUAIL COURT                           ,                                        ,                                        ,SHELTON                       ,CT,6484,                                        ,I,7 QUAIL COURT                           ,                                        ,                                        ,SHELTON                       ,CT,6484
1122906,5290073,ORG REPORT     ,20150220,2015-03-04-09.34.06.000000,COB     ,ORGANIZATION AND FIRST REPORT FOR BENEFIT CORPORATION,BEN,B,AC,"GENIUS BOX, INC.                                                                                    ",KATE PIPA                                                                                           ,7 QUAIL COURT                           ,                                        ,                                        ,SHELTON                       ,CT,6484,                                        ,I,7 QUAIL COURT                           ,                                        ,                                        ,SHELTON                       ,CT,6484
1127875,5006314,ORGANIZATION   ,20131220,2013-12-24-10.17.59.134702,LC      ,BUSINESS FORMATION FOR LIMITED LIABILITY COMPANY (DOMESTIC),LLC,B,AC,"BLUE EARTH COMPOST, INC.                                                                            ",MCR&P SERVICE CORPORATION                                                                           ,                                        ,                                        ,                                        ,                              ,  ,     ,                                        ,B,C/O MURTHA CULLINA LLP                  ,CITYPLACE I                             ,185 ASYLUM STREET                       ,HARTFORD                      ,CT,6103
1127875,5076192,AMEND          ,20140328,2014-03-31-13.04.59.720285,LCA     ,BUSINESS AMENDMENTS FOR LIMITED LIABILITY COMPANY (DOMESTIC),LLC,B,AC,"BLUE EARTH COMPOST, INC.                                                                            ",MCR&P SERVICE CORPORATION                                                                           ,                                        ,                                        ,                                        ,                              ,  ,     ,                                        ,B,C/O MURTHA CULLINA LLP                  ,CITYPLACE I                             ,185 ASYLUM STREET                       ,HARTFORD                      ,CT,6103
1127875,5219307,ELECT B-STATUS ,20141117,2014-11-18-13.42.59.262133,CAS     ,BUSINESS AMENDMENT FOR STOCK CORPORATION (DOMESTIC) ,CORP,B,AC,"BLUE EARTH COMPOST, INC.                                                                            ",MCR&P SERVICE CORPORATION                                                                           ,                                        ,                                        ,                                        ,                              ,  ,     ,                                        ,B,C/O MURTHA CULLINA LLP                  ,CITYPLACE I                             ,185 ASYLUM STREET                       ,HARTFORD                      ,CT,6103
1156154,5192843,INCORPORATED-B ,20141001,2014-10-01-11.05.15.000000,BCORP   ,BUSINESS FORMATION FOR BENEFIT CORPORATION,BEN,B,AC,"HARTFORD ATHLETIC CLUB, INC.                                                                        ",JEFFREY DEVEREUX                                                                                    ,                                        ,                                        ,                                        ,                              ,  ,     ,                                        ,I,140 HUYSHOPE AVENUE                     ,                                        ,                                        ,HARTFORD                      ,CT,6106
1156249,5193549,INCORPORATED-B ,20141001,2014-10-02-09.20.18.000000,BCORP   ,BUSINESS FORMATION FOR BENEFIT CORPORATION,BEN,B,AC,TREESLEEVE INC.                                                                                     ,RAYMOND FRASER                                                                                      ,                                        ,                                        ,                                        ,                              ,  ,     ,                                        ,I,151 BONNER STREET                       ,                                        ,                                        ,HARTFORD                      ,CT,6106
1156250,5193563,INCORPORATED-B ,20141001,2014-10-02-09.32.33.000000,BCORP   ,BUSINESS FORMATION FOR BENEFIT CORPORATION,BEN,B,AC,SAY IT FORWARD & CO.                                                                                ,SANDRA CENTORINO                                                                                    ,                                        ,                                        ,                                        ,                              ,  ,     ,                                        ,I,274 WEATHERSIDE ROAD                    ,                                        ,                                        ,CHESHIRE                      ,CT,6410
1156258,5193635,INCORPORATED-B ,20141001,2014-10-02-10.40.54.000000,BCORP   ,BUSINESS FORMATION FOR BENEFIT CORPORATION,BEN,B,AC,"BLUEPRINT FOR IMPACT, INC.                                                                          ",MCR& P SERVICE CORPORATION                                                                          ,                                        ,                                        ,                                        ,                              ,  ,     ,                                        ,B,C/O MURTHA CULLINA LLP                  ,CITYPLACE I                             ,185 ASYLUM STREET                       ,HARTFORD                      ,CT,6103
1157551,5202862,INCORPORATED-B ,20141020,2014-10-20-12.19.44.000000,BCORP   ,BUSINESS FORMATION FOR BENEFIT CORPORATION,BEN,B,AC,STEPHANIE & CO.                                                                                     ,"HAWTHORNE, ACKERLY & DORRANCE, LLC                                                                  ",                                        ,                                        ,                                        ,                              ,  ,     ,                                        ,B,25 SOUTH AVENUE                         ,                                        ,                                        ,NEW CANAAN                    ,CT,6840
1158201,5207267,INCORPORATED-B ,20141024,2014-10-27-10.40.06.000000,BCORP   ,BUSINESS FORMATION FOR BENEFIT CORPORATION,BEN,B,AC,"WASTE RESOURCE RECOVERY, INC.                                                                       ",RICHARD MADRAK                                                                                      ,505 EXETER RD                           ,                                        ,                                        ,LEBANON                       ,CT,6249,                                        ,I,505 EXETER RD                           ,                                        ,                                        ,LEBANON                       ,CT,6249
1158201,5279761,ORG REPORT     ,20150213,2015-02-17-15.35.20.000000,COB     ,ORGANIZATION AND FIRST REPORT FOR BENEFIT CORPORATION,BEN,B,AC,"WASTE RESOURCE RECOVERY, INC.                                                                       ",RICHARD MADRAK                                                                                      ,505 EXETER RD                           ,                                        ,                                        ,LEBANON                       ,CT,6249,                                        ,I,505 EXETER RD                           ,                                        ,                                        ,LEBANON                       ,CT,6249
1158641,5210378,INCORPORATED-B ,20141028,2014-10-31-10.16.43.000000,BCORP   ,BUSINESS FORMATION FOR BENEFIT CORPORATION,BEN,B,AC,MJ SUSHI INC.                                                                                       ,ZHIWEI CHEN                                                                                         ,                                        ,                                        ,                                        ,                              ,  ,     ,                                        ,I,1220 STORRS ROAD                        ,                                        ,                                        ,MANSFIELD                     ,CT,6268
1159460,5216352,ORG REPORT     ,20141110,2014-11-12-10.19.38.000000,COB     ,ORGANIZATION AND FIRST REPORT FOR BENEFIT CORPORATION,BEN,B,AC,GLOBUS FAMILY DENTAL INC                                                                            ,GADDAM PRASITH                                                                                      ,96 E MAIN ST                            ,                                        ,                                        ,NEW BRITAIN                   ,CT,6051,                                        ,I,                                        ,                                        ,                                        ,                              ,  ,     
1159460,5216310,INCORPORATED-B ,20141110,2014-11-12-09.47.15.000000,BCORP   ,BUSINESS FORMATION FOR BENEFIT CORPORATION,BEN,B,AC,GLOBUS FAMILY DENTAL INC                                                                            ,GADDAM PRASITH                                                                                      ,96 E MAIN ST                            ,                                        ,                                        ,NEW BRITAIN                   ,CT,6051,                                        ,I,                                        ,                                        ,                                        ,                              ,  ,     
1159884,5219001,INCORPORATED-B ,20141117,2014-11-18-07.12.51.000000,BCORP   ,BUSINESS FORMATION FOR BENEFIT CORPORATION,BEN,B,AC,"KTOWN COMMERCIAL INVESTMENTS, CORP.                                                                 ",JOHN FROESE                                                                                         ,1385 WHALLEY AVENUE                     ,                                        ,                                        ,NEW HAVEN                     ,CT,6515,                                        ,I,                                        ,                                        ,                                        ,                              ,  ,     
1159884,5291143,ORG REPORT     ,20150304,2015-03-05-11.49.12.000000,COB     ,ORGANIZATION AND FIRST REPORT FOR BENEFIT CORPORATION,BEN,B,AC,"KTOWN COMMERCIAL INVESTMENTS, CORP.                                                                 ",JOHN FROESE                                                                                         ,1385 WHALLEY AVENUE                     ,                                        ,                                        ,NEW HAVEN                     ,CT,6515,                                        ,I,                                        ,                                        ,                                        ,                              ,  ,     
1160134,5220127,INCORPORATED-B ,20141117,2014-11-19-14.38.32.000000,BCORP   ,BUSINESS FORMATION FOR BENEFIT CORPORATION,BEN,B,AC,"PACIFIC 99, INC.                                                                                    ",INSUN KIM                                                                                           ,                                        ,                                        ,                                        ,                              ,  ,     ,                                        ,I,                                        ,                                        ,                                        ,                              ,  ,     
1160157,5220314,INCORPORATED-B ,20141119,2014-11-19-16.24.13.000000,BCORP   ,BUSINESS FORMATION FOR BENEFIT CORPORATION,BEN,B,AC,METAMORPHOSIS LTD.                                                                                  ,HANNAH GANT                                                                                         ,                                        ,                                        ,                                        ,                              ,  ,     ,                                        ,I,32 BROAD ST                             ,                                        ,                                        ,NEW LONDON                    ,CT,     
1162371,5239570,INCORPORATED-B ,20141219,2014-12-22-08.55.23.000000,BCORP   ,BUSINESS FORMATION FOR BENEFIT CORPORATION,BEN,B,AC,"NEW MILFORD FAMILY DENTAL, PC                                                                       ","MARK P. VESSICCHIO, ESQ.                                                                            ",56 DANBURY ROAD                         ,                                        ,                                        ,NEW MILFORD                   ,CT,6776,                                        ,I,142 TEMPLE STREET                       ,SUITE 204                               ,                                        ,NEW HAVEN                     ,CT,6510
1162371,5263284,ORG REPORT     ,20141223,2015-01-21-14.50.47.000000,COB     ,ORGANIZATION AND FIRST REPORT FOR BENEFIT CORPORATION,BEN,B,AC,"NEW MILFORD FAMILY DENTAL, PC                                                                       ","MARK P. VESSICCHIO, ESQ.                                                                            ",56 DANBURY ROAD                         ,                                        ,                                        ,NEW MILFORD                   ,CT,6776,                                        ,I,142 TEMPLE STREET                       ,SUITE 204                               ,                                        ,NEW HAVEN                     ,CT,6510
1162768,5246071,INCORPORATED-B ,20141230,2014-12-30-14.33.36.000000,BCORP   ,BUSINESS FORMATION FOR BENEFIT CORPORATION,BEN,B,AC,MD LOGISTICS INC                                                                                    ,EDWARD M TABER                                                                                      ,NONE                                    ,                                        ,                                        ,X                             ,CT,     ,                                        ,I,87 MILLBROOK COURT                      ,                                        ,                                        ,NEWINGTON                     ,CT,6111
1162768,5246075,ORG REPORT     ,20141230,2014-12-30-14.37.06.000000,COB     ,ORGANIZATION AND FIRST REPORT FOR BENEFIT CORPORATION,BEN,B,AC,MD LOGISTICS INC                                                                                    ,EDWARD M TABER                                                                                      ,NONE                                    ,                                        ,                                        ,X                             ,CT,     ,                                        ,I,87 MILLBROOK COURT                      ,                                        ,                                        ,NEWINGTON                     ,CT,6111
1165591,5269890,INCORPORATED-B ,20150129,2015-01-30-13.21.40.000000,BCORP   ,BUSINESS FORMATION FOR BENEFIT CORPORATION,BEN,B,AC,SPIRIT TOURS TRAVEL AGENCY INC                                                                      ,JULITA NIZZARDO                                                                                     ,                                        ,                                        ,                                        ,                              ,  ,     ,                                        ,I,364 WESTWOOD RD                         ,                                        ,                                        ,STAMFORD                      ,CT,6902
1166038,5273383,INCORPORATED-B ,20150116,2015-02-05-13.54.55.000000,BCORP   ,BUSINESS FORMATION FOR BENEFIT CORPORATION,BEN,B,AC,"NIKTOR IT, INC.                                                                                     ",VISWANATHA NAYUNIPATI                                                                               ,21 FLORENCE WAY                         ,                                        ,                                        ,FARMINGTON                    ,CT,6032,                                        ,I,21 FLORENCE WAY                         ,                                        ,                                        ,FARMINGTON                    ,CT,6032
1166038,5273957,ORG REPORT     ,20150116,2015-02-06-10.57.33.000000,COB     ,ORGANIZATION AND FIRST REPORT FOR BENEFIT CORPORATION,BEN,B,AC,"NIKTOR IT, INC.                                                                                     ",VISWANATHA NAYUNIPATI                                                                               ,21 FLORENCE WAY                         ,                                        ,                                        ,FARMINGTON                    ,CT,6032,                                        ,I,21 FLORENCE WAY                         ,                                        ,                                        ,FARMINGTON                    ,CT,6032
1166300,5274941,INCORPORATED-B ,20150121,2015-02-09-09.59.04.000000,BCORP   ,BUSINESS FORMATION FOR BENEFIT CORPORATION,BEN,B,AC,"SOCIAL MOVEMENT TECHNOLOGIES, INC.                                                                  ",HANNAH RODITI                                                                                       ,                                        ,                                        ,                                        ,                              ,  ,     ,                                        ,I,12 BEACON HILL DRIVE                    ,                                        ,                                        ,BLOOMFIELD                    ,CT,6002
1168350,5287454,INCORPORATED-B ,20150226,2015-02-27-12.34.37.000000,BCORP   ,BUSINESS FORMATION FOR BENEFIT CORPORATION,BEN,B,AC,EXECUTIVE ECOSCAPING INC.                                                                           ,JAYUAN L. CARTER                                                                                    ,                                        ,                                        ,                                        ,                              ,  ,     ,                                        ,I,106 POPLAR STREET                       ,1ST FLOOR                               ,                                        ,NEW HAVEN                     ,CT,6513
1169714,5294638,INCORPORATED-B ,20150306,2015-03-11-10.36.24.000000,BCORP   ,BUSINESS FORMATION FOR BENEFIT CORPORATION,BEN,B,AC,"READY EVERY MINUTE, INC.                                                                            ",REMILA TRIUMPH                                                                                      ,                                        ,                                        ,                                        ,                              ,  ,     ,                                        ,I,75 TREMONT ST.                          ,                                        ,                                        ,HARTFORD                      ,CT,6105
1169770,5294972,INCORPORATED-B ,20150305,2015-03-11-15.03.03.000000,BCORP   ,BUSINESS FORMATION FOR BENEFIT CORPORATION,BEN,B,AC,"SARF2, INC.                                                                                         ","NARESH K. TALWAR, E.A.                                                                              ",                                        ,                                        ,                                        ,                              ,  ,     ,                                        ,I,5 APPLEBY FARM ROAD                     ,                                        ,                                        ,BROOKFIELD                    ,CT,6804
1170550,5300421,ORG REPORT     ,20150320,2015-03-20-14.00.26.000000,COB     ,ORGANIZATION AND FIRST REPORT FOR BENEFIT CORPORATION,BEN,B,AC,D.J PARK PC                                                                                         ,DONG JIN PARK                                                                                       ,207 GEORGE ST                           ,APT. 134                                ,                                        ,MIDDLETOWN                    ,CT,6457,                                        ,I,200 GEORGE ST                           ,APT 134                                 ,                                        ,MIDDLETOWN                    ,CT,6457
1170550,5300397,INCORPORATED-B ,20150320,2015-03-20-13.43.19.000000,BCORP   ,BUSINESS FORMATION FOR BENEFIT CORPORATION,BEN,B,AC,D.J PARK PC                                                                                         ,DONG JIN PARK                                                                                       ,207 GEORGE ST                           ,APT. 134                                ,                                        ,MIDDLETOWN                    ,CT,6457,                                        ,I,200 GEORGE ST                           ,APT 134                                 ,                                        ,MIDDLETOWN                    ,CT,6457
1170908,5303785,INCORPORATION  ,20150313,2015-03-25-14.46.32.000000,CIS     ,BUSINESS FORMATION FOR STOCK CORPORATION (DOMESTIC),CORP,B,AC,"GREENWELL FINANCIAL, INC.                                                                           ",NICOLE SMITH                                                                                        ,7 ZINN RD.                              ,                                        ,                                        ,DANBURY                       ,CT,6811,                                        ,I,7 ZINN RD                               ,                                        ,                                        ,DANBURY                       ,CT,6811
1170908,5324219,ORG REPORT     ,20150407,2015-04-29-16.02.42.891271,COS     ,ORGANIZATION AND FIRST REPORT FOR STOCK CORPORATION (DOMESTIC),CORP,B,AC,"GREENWELL FINANCIAL, INC.                                                                           ",NICOLE SMITH                                                                                        ,7 ZINN RD.                              ,                                        ,                                        ,DANBURY                       ,CT,6811,                                        ,I,7 ZINN RD                               ,                                        ,                                        ,DANBURY                       ,CT,6811
1170908,5346232,ELECT B-STATUS ,20150521,2015-06-10-13.48.21.000000,CAS     ,BUSINESS AMENDMENT FOR STOCK CORPORATION (DOMESTIC) ,CORP,B,AC,"GREENWELL FINANCIAL, INC.                                                                           ",NICOLE SMITH                                                                                        ,7 ZINN RD.                              ,                                        ,                                        ,DANBURY                       ,CT,6811,                                        ,I,7 ZINN RD                               ,                                        ,                                        ,DANBURY                       ,CT,6811
1170978,5304317,INCORPORATED-B ,20150313,2015-03-26-12.42.40.000000,BCORP   ,BUSINESS FORMATION FOR BENEFIT CORPORATION,BEN,B,AC,"SAFETY DISPATCH, INC.                                                                               ",JOHN SHIELDS                                                                                        ,                                        ,                                        ,                                        ,                              ,  ,     ,                                        ,I,57 JEFFERSON DR                         ,                                        ,                                        ,RIDGEFIELD                    ,CT,6877
1172517,5317125,INCORPORATED-B ,20150325,2015-04-16-10.54.11.000000,BCORP   ,BUSINESS FORMATION FOR BENEFIT CORPORATION,BEN,B,AC,HOME AGAIN BENEFIT CORP.                                                                            ,PATRICIA CARROLL                                                                                    ,                                        ,                                        ,                                        ,                              ,  ,     ,                                        ,I,                                        ,                                        ,                                        ,                              ,  ,     
1173819,5325292,INCORPORATED-B ,20150430,2015-05-01-10.07.16.000000,BCORP   ,BUSINESS FORMATION FOR BENEFIT CORPORATION,BEN,B,AC,BEVRAGE CO.                                                                                         ,CINDY FARBER                                                                                        ,                                        ,                                        ,                                        ,                              ,  ,     ,                                        ,I,10 VINCENT PL                           ,                                        ,                                        ,ROWAYTON                      ,CT,6853
1174832,5332072,INCORPORATED-B ,20150420,2015-05-13-13.47.20.000000,BCORP   ,BUSINESS FORMATION FOR BENEFIT CORPORATION,BEN,B,AC,"OPUS 12 GROUP, INC.                                                                                 ",ETHAN JOSEPH NARRO                                                                                  ,                                        ,                                        ,                                        ,                              ,  ,     ,                                        ,I,4 BRISTOL TERRACE                       ,                                        ,                                        ,DANBURY                       ,CT,6810
1177927,5347988,INCORPORATED-B ,20150529,2015-06-13-08.45.33.000000,BCORP   ,BUSINESS FORMATION FOR BENEFIT CORPORATION,BEN,B,AC,"MOBIUSMITH, INC.                                                                                    ",AARON SMITH                                                                                         ,27 RACE HILL ROAD                       ,                                        ,                                        ,MADISON                       ,CT,6443,                                        ,I,27 RACE HILL ROAD                       ,                                        ,                                        ,MADISON                       ,CT,6443
1177927,5347990,ORG REPORT     ,20150529,2015-06-13-08.46.50.000000,COB     ,ORGANIZATION AND FIRST REPORT FOR BENEFIT CORPORATION,BEN,B,AC,"MOBIUSMITH, INC.                                                                                    ",AARON SMITH                                                                                         ,27 RACE HILL ROAD                       ,                                        ,                                        ,MADISON                       ,CT,6443,                                        ,I,27 RACE HILL ROAD                       ,                                        ,                                        ,MADISON                       ,CT,6443
1180320,5361228,INCORPORATED-B ,20150707,2015-07-07-16.26.59.000000,BCORP   ,BUSINESS FORMATION FOR BENEFIT CORPORATION,BEN,B,AC,PROMETHEUS CORP.                                                                                    ,MCR& P SERVICE CORPORATION                                                                          ,15 EAST PUTNAM AVENUE #181              ,                                        ,                                        ,GREENWICH                     ,CT,6830,                                        ,B,CITYPLACE I                             ,185 ASYLUM STREET                       ,                                        ,HARTFORD                      ,CT,6103
1180320,5368224,ORG REPORT     ,20150717,2015-07-21-09.15.11.000000,COB     ,ORGANIZATION AND FIRST REPORT FOR BENEFIT CORPORATION,BEN,B,AC,PROMETHEUS CORP.                                                                                    ,MCR& P SERVICE CORPORATION                                                                          ,15 EAST PUTNAM AVENUE #181              ,                                        ,                                        ,GREENWICH                     ,CT,6830,                                        ,B,CITYPLACE I                             ,185 ASYLUM STREET                       ,                                        ,HARTFORD                      ,CT,6103
1180377,5361581,INCORPORATED-B ,20150708,2015-07-08-11.27.00.000000,BCORP   ,BUSINESS FORMATION FOR BENEFIT CORPORATION,BEN,B,AC,"SARAH'S COFFEE HOUSE, INC.                                                                          ",MCR&P SERVICE CORPORATION                                                                           ,257 ASYLUM STREET                       ,                                        ,                                        ,HARTFORD                      ,CT,6103,                                        ,B,C/O MURTHA CULLINA LLP                  ,CITYPLACE I                             ,185 ASYLUM ST.                          ,HARTFORD                      ,CT,6103
1180377,5404151,ORG REPORT     ,20150924,2015-09-30-10.33.45.000000,COB     ,ORGANIZATION AND FIRST REPORT FOR BENEFIT CORPORATION,BEN,B,AC,"SARAH'S COFFEE HOUSE, INC.                                                                          ",MCR&P SERVICE CORPORATION                                                                           ,257 ASYLUM STREET                       ,                                        ,                                        ,HARTFORD                      ,CT,6103,                                        ,B,C/O MURTHA CULLINA LLP                  ,CITYPLACE I                             ,185 ASYLUM ST.                          ,HARTFORD                      ,CT,6103
1181133,5365601,INCORPORATED-B ,20150714,2015-07-16-11.09.19.000000,BCORP   ,BUSINESS FORMATION FOR BENEFIT CORPORATION,BEN,B,AC,"THE C.A.R.E.S. GROUP, INC.                                                                          ",DONNA DELUCA                                                                                        ,2 ELM DRIVE                             ,                                        ,                                        ,NEWTOWN                       ,CT,6470,                                        ,I,2 ELM DRIVE                             ,                                        ,                                        ,NEWTOWN                       ,CT,6470
1181133,5432149,ORG REPORT     ,20151112,2015-11-18-09.24.33.000000,COB     ,ORGANIZATION AND FIRST REPORT FOR BENEFIT CORPORATION,BEN,B,AC,"THE C.A.R.E.S. GROUP, INC.                                                                          ",DONNA DELUCA                                                                                        ,2 ELM DRIVE                             ,                                        ,                                        ,NEWTOWN                       ,CT,6470,                                        ,I,2 ELM DRIVE                             ,                                        ,                                        ,NEWTOWN                       ,CT,6470
1181133,5460129,INTERIM NOTICE ,20151231,2016-01-07-11.22.02.000000,CINC    ,"INTERIM NOTICE FOR CORPORATIONS (DOMESTIC, BENEFIT & FOREIGN)",CORP,B,AC,"THE C.A.R.E.S. GROUP, INC.                                                                          ",DONNA DELUCA                                                                                        ,2 ELM DRIVE                             ,                                        ,                                        ,NEWTOWN                       ,CT,6470,                                        ,I,2 ELM DRIVE                             ,                                        ,                                        ,NEWTOWN                       ,CT,6470
1181285,5366363,INCORPORATED-B ,20150717,2015-07-17-12.33.30.000000,BCORP   ,BUSINESS FORMATION FOR BENEFIT CORPORATION,BEN,B,AC,"CONNECTICUT OVERSEAS VENTURES AND ENTERPRISES, INC.                                                 ",GARY LEBEAU                                                                                         ,                                        ,                                        ,                                        ,                              ,  ,     ,                                        ,I,19 GARVAN ST.                           ,                                        ,                                        ,EAST HARTFORD                 ,CT,6108
1181933,5371338,INCORPORATED-B ,20150724,2015-07-27-12.14.55.000000,BCORP   ,BUSINESS FORMATION FOR BENEFIT CORPORATION,BEN,B,AC,"CT TOWN COMMERCIAL, CORP.                                                                           ",YONG HUI PARK                                                                                       ,                                        ,                                        ,                                        ,                              ,  ,     ,                                        ,I,                                        ,                                        ,                                        ,                              ,  ,     
1184449,5386927,INCORPORATED-B ,20150825,2015-08-26-14.51.17.000000,BCORP   ,BUSINESS FORMATION FOR BENEFIT CORPORATION,BEN,B,AC,"UNTAPPED POTENTIAL, INC.                                                                            ",MCR&P SERVICE CORPORATION                                                                           ,21 DARTMOUTH DRIVE                      ,                                        ,                                        ,CANTON                        ,CT,6019,                                        ,B,C/O MURTHA CULLINA LLP                  ,CITYPLACE I                             ,185 ASYLUM STREET                       ,HARTFORD                      ,CT,6103
1184449,5389804,ORG REPORT     ,20150831,2015-09-01-13.58.39.000000,COB     ,ORGANIZATION AND FIRST REPORT FOR BENEFIT CORPORATION,BEN,B,AC,"UNTAPPED POTENTIAL, INC.                                                                            ",MCR&P SERVICE CORPORATION                                                                           ,21 DARTMOUTH DRIVE                      ,                                        ,                                        ,CANTON                        ,CT,6019,                                        ,B,C/O MURTHA CULLINA LLP                  ,CITYPLACE I                             ,185 ASYLUM STREET                       ,HARTFORD                      ,CT,6103
1184755,5389304,ORG REPORT     ,20150831,2015-09-01-07.18.15.000000,COB     ,ORGANIZATION AND FIRST REPORT FOR BENEFIT CORPORATION,BEN,B,AC,"THRIVEHELPS CT, INC.                                                                                ",CAROL O'DONNELL                                                                                     ,540 JOAN DRIVE                          ,                                        ,                                        ,FAIRFIELD                     ,CT,6824,                                        ,I,540 JOAN DRIVE                          ,                                        ,                                        ,FAIRFIELD                     ,CT,6824
1184755,5389301,INCORPORATED-B ,20150831,2015-09-01-07.16.01.000000,BCORP   ,BUSINESS FORMATION FOR BENEFIT CORPORATION,BEN,B,AC,"THRIVEHELPS CT, INC.                                                                                ",CAROL O'DONNELL                                                                                     ,540 JOAN DRIVE                          ,                                        ,                                        ,FAIRFIELD                     ,CT,6824,                                        ,I,540 JOAN DRIVE                          ,                                        ,                                        ,FAIRFIELD                     ,CT,6824
1185415,5393730,INCORPORATED-B ,20150908,2015-09-09-15.15.02.000000,BCORP   ,BUSINESS FORMATION FOR BENEFIT CORPORATION,BEN,B,AC,CCMAD-WAD CORP                                                                                      ,JOANNE BURKS                                                                                        ,                                        ,                                        ,                                        ,                              ,  ,     ,                                        ,I,103 COTTAGE STREET                      ,                                        ,                                        ,BRIDGEPORT                    ,CT,6605
1186234,5398955,INCORPORATED-B ,20150916,2015-09-22-10.19.37.000000,BCORP   ,BUSINESS FORMATION FOR BENEFIT CORPORATION,BEN,B,AC,REINSPIRE BENEFIT CORP.                                                                             ,BRENDAN MAHONEY                                                                                     ,13 GOLDEN STREET                        ,                                        ,                                        ,NEW LONDON                    ,CT,6320,                                        ,I,37 TUNXIS ROAD                          ,                                        ,                                        ,TARIFFVILLE                   ,CT,6081
1186234,5406874,ORG REPORT     ,20151001,2015-10-05-09.38.45.000000,COB     ,ORGANIZATION AND FIRST REPORT FOR BENEFIT CORPORATION,BEN,B,AC,REINSPIRE BENEFIT CORP.                                                                             ,BRENDAN MAHONEY                                                                                     ,13 GOLDEN STREET                        ,                                        ,                                        ,NEW LONDON                    ,CT,6320,                                        ,I,37 TUNXIS ROAD                          ,                                        ,                                        ,TARIFFVILLE                   ,CT,6081
1187965,5411744,INCORPORATED-B ,20151014,2015-10-14-12.42.16.000000,BCORP   ,BUSINESS FORMATION FOR BENEFIT CORPORATION,BEN,B,AC,THE CHO BOP INC.                                                                                    ,SUNG WOOK MOON                                                                                      ,1015 POST ROAD                          ,                                        ,                                        ,DARIEN                        ,CT,6820,                                        ,I,1015 POST ROAD                          ,                                        ,                                        ,DARIEN                        ,CT,6820
1187965,5411783,ORG REPORT     ,20151014,2015-10-14-13.05.40.000000,COB     ,ORGANIZATION AND FIRST REPORT FOR BENEFIT CORPORATION,BEN,B,AC,THE CHO BOP INC.                                                                                    ,SUNG WOOK MOON                                                                                      ,1015 POST ROAD                          ,                                        ,                                        ,DARIEN                        ,CT,6820,                                        ,I,1015 POST ROAD                          ,                                        ,                                        ,DARIEN                        ,CT,6820
1188572,5415433,INCORPORATED-B ,20151015,2015-10-21-12.41.43.000000,BCORP   ,BUSINESS FORMATION FOR BENEFIT CORPORATION,BEN,B,AC,LUSTY-LEAF ORGANICS INC                                                                             ,STEVEN C. CORLISS                                                                                   ,                                        ,                                        ,                                        ,                              ,  ,     ,                                        ,I,100 EMERALD PLACE                       ,                                        ,                                        ,STRATFORD                     ,CT,6614
1188775,5416517,INCORPORATED-B ,20151019,2015-10-22-13.56.35.000000,BCORP   ,BUSINESS FORMATION FOR BENEFIT CORPORATION,BEN,B,AC,SINGZ CORPORATION                                                                                   ,ARVINDER BATRA                                                                                      ,                                        ,                                        ,                                        ,                              ,  ,     ,                                        ,I,1312 STRATFORD AVE.                     ,                                        ,                                        ,BRIDGEPORT                    ,CT,6607
1191049,5433687,ORG REPORT     ,20151116,2015-11-19-13.09.35.000000,COB     ,ORGANIZATION AND FIRST REPORT FOR BENEFIT CORPORATION,BEN,B,AC,"TACTILE, INC.                                                                                       ",ELIZABETH A MITCHELL                                                                                ,139 W MAIN ST                           ,                                        ,                                        ,CANAAN                        ,CT,6018,                                        ,I,139 W MAIN ST                           ,                                        ,                                        ,CANAAN                        ,CT,6018
1191049,5433678,INCORPORATED-B ,20151116,2015-11-19-13.03.20.000000,BCORP   ,BUSINESS FORMATION FOR BENEFIT CORPORATION,BEN,B,AC,"TACTILE, INC.                                                                                       ",ELIZABETH A MITCHELL                                                                                ,139 W MAIN ST                           ,                                        ,                                        ,CANAAN                        ,CT,6018,                                        ,I,139 W MAIN ST                           ,                                        ,                                        ,CANAAN                        ,CT,6018
1193739,5453718,INCORPORATED-B ,20151218,2015-12-28-14.31.35.000000,BCORP   ,BUSINESS FORMATION FOR BENEFIT CORPORATION,BEN,B,AC,"PUDDLE MOUNTAIN FARM, INC.                                                                          ",EMILY CURTIS-MURPHY                                                                                 ,                                        ,                                        ,                                        ,                              ,  ,     ,                                        ,I,33 B CAMPS RD.                          ,                                        ,                                        ,KENT                          ,CT,6757
1195704,5471625,INCORPORATED-B ,20160113,2016-01-25-17.17.36.000000,BCORP   ,BUSINESS FORMATION FOR BENEFIT CORPORATION,BEN,B,AC,DIAMOND DENTAL SERVICES INC                                                                         ,SCOTT COLMAN                                                                                        ,                                        ,                                        ,                                        ,                              ,  ,     ,                                        ,I,135 MAIN STREET                         ,SUITE 2                                 ,                                        ,DANBURY                       ,CT,6810
1196430,5479578,INCORPORATED-B ,20160121,2016-02-02-14.12.57.000000,BCORP   ,BUSINESS FORMATION FOR BENEFIT CORPORATION,BEN,B,AC,BRANDON NICHOLAS EZA PUBLISHING INC.                                                                ,MEGAN EZA                                                                                           ,3050 MAIN STREET                        ,                                        ,                                        ,COVENTRY                      ,CT,6238,                                        ,I,3050 MAIN STREET                        ,                                        ,                                        ,COVENTRY                      ,CT,6238
1196430,5479583,ORG REPORT     ,20160121,2016-02-02-14.16.04.000000,COB     ,ORGANIZATION AND FIRST REPORT FOR BENEFIT CORPORATION,BEN,B,AC,BRANDON NICHOLAS EZA PUBLISHING INC.                                                                ,MEGAN EZA                                                                                           ,3050 MAIN STREET                        ,                                        ,                                        ,COVENTRY                      ,CT,6238,                                        ,I,3050 MAIN STREET                        ,                                        ,                                        ,COVENTRY                      ,CT,6238
