"Town","Grant","2014","2015"
"Bethel","Colleges & Hospitals PILOT",15782.82,16550.6
"Bethel","Elderly Circuit Breaker",125430.36,119313.99
"Bethel","State Property PILOT",25209.82,36006.92
"Bethel","Veterans' Exemption",10069.46,10134.51
"Bethel","Disability Exemption",2248.04,2272.04
"Bethel","Pequot Grants",46704.29,51561.06
"Bethel","Elderly Freeze",0,0
"Bethel","DECD Tax Abatement",30535,37013
"Bethel","DECD PILOT Grant",0,0
"Bethel","LoCIP",119373,118708
"Bethel","Town Aid Road",315941.86,318762
"Bethel","Total",691294.65,710322.12
"Bridgeport","Colleges & Hospitals PILOT",7563747.43,7962793.95
"Bridgeport","Elderly Circuit Breaker",711591.52,739199.19
"Bridgeport","State Property PILOT",2754073.7,3012598.46
"Bridgeport","Veterans' Exemption",33195.87,31703.26
"Bridgeport","Disability Exemption",16935.55,16291.48
"Bridgeport","Pequot Grants",6160636.53,6196581.13
"Bridgeport","Elderly Freeze",10000,8000
"Bridgeport","DECD Tax Abatement",124635,29641
"Bridgeport","DECD PILOT Grant",0,0
"Bridgeport","LoCIP",2271379,2413992
"Bridgeport","Town Aid Road",1379983.18,1383106
"Bridgeport","Total",21026177.78,21793906.47
"Brookfield","Colleges & Hospitals PILOT",0,0
"Brookfield","Elderly Circuit Breaker",100102.14,93610.41
"Brookfield","State Property PILOT",27360.26,30458.56
"Brookfield","Veterans' Exemption",8613.21,9427.82
"Brookfield","Disability Exemption",1521.78,1418.83
"Brookfield","Pequot Grants",22495.23,24761.49
"Brookfield","Elderly Freeze",0,0
"Brookfield","DECD Tax Abatement",0,0
"Brookfield","DECD PILOT Grant",0,0
"Brookfield","LoCIP",103819,103800
"Brookfield","Town Aid Road",302816.14,303840
"Brookfield","Total",566727.76,567317.11
"Danbury","Colleges & Hospitals PILOT",1305854.61,1344343.21
"Danbury","Elderly Circuit Breaker",349200.41,369888.68
"Danbury","State Property PILOT",2127391.32,2413997.4
"Danbury","Veterans' Exemption",22815.84,23983.91
"Danbury","Disability Exemption",4473.98,4751.99
"Danbury","Pequot Grants",945549.43,951066.29
"Danbury","Elderly Freeze",2000,0
"Danbury","DECD Tax Abatement",8393,0
"Danbury","DECD PILOT Grant",138553,140991
"Danbury","LoCIP",545776,557492
"Danbury","Town Aid Road",847951.39,855534
"Danbury","Total",6297958.98,6662048.48
"Darien","Colleges & Hospitals PILOT",0,0
"Darien","Elderly Circuit Breaker",69585.44,64449.48
"Darien","State Property PILOT",97209.14,108593.96
"Darien","Veterans' Exemption",2190.93,1920.3
"Darien","Disability Exemption",185.66,217.5
"Darien","Pequot Grants",7521,9582.02
"Darien","Elderly Freeze",0,0
"Darien","DECD Tax Abatement",0,0
"Darien","DECD PILOT Grant",0,0
"Darien","LoCIP",110587,111194
"Darien","Town Aid Road",334138.43,335085
"Darien","Total",621417.6,631042.26
"Easton","Colleges & Hospitals PILOT",0,0
"Easton","Elderly Circuit Breaker",34162.74,31555.28
"Easton","State Property PILOT",58715.81,63586.24
"Easton","Veterans' Exemption",7955.73,7620.25
"Easton","Disability Exemption",103.27,101.94
"Easton","Pequot Grants",8567.91,10636.14
"Easton","Elderly Freeze",0,0
"Easton","DECD Tax Abatement",0,0
"Easton","DECD PILOT Grant",0,0
"Easton","LoCIP",66778,66516
"Easton","Town Aid Road",227623.27,227805
"Easton","Total",403906.73,407820.85
"Fairfield","Colleges & Hospitals PILOT",2409013.26,2641400.57
"Fairfield","Elderly Circuit Breaker",469508.19,445900.34
"Fairfield","State Property PILOT",31989.36,35231.01
"Fairfield","Veterans' Exemption",170334.51,149218
"Fairfield","Disability Exemption",4074.04,3956.33
"Fairfield","Pequot Grants",286874.78,292352.82
"Fairfield","Elderly Freeze",6000,2000
"Fairfield","DECD Tax Abatement",0,0
"Fairfield","DECD PILOT Grant",0,0
"Fairfield","LoCIP",373921,370404
"Fairfield","Town Aid Road",709718.88,711140
"Fairfield","Total",4461434.02,4651603.07
"Greenwich","Colleges & Hospitals PILOT",849790.69,897964.82
"Greenwich","Elderly Circuit Breaker",179595.65,179253.82
"Greenwich","State Property PILOT",23319.7,25772.38
"Greenwich","Veterans' Exemption",28827.01,32177.39
"Greenwich","Disability Exemption",315.19,299.21
"Greenwich","Pequot Grants",97988.8,98189.28
"Greenwich","Elderly Freeze",4000,2000
"Greenwich","DECD Tax Abatement",0,0
"Greenwich","DECD PILOT Grant",98760,100286
"Greenwich","LoCIP",319596,319795
"Greenwich","Town Aid Road",746314.71,747652
"Greenwich","Total",2348507.75,2403389.9
"Monroe","Colleges & Hospitals PILOT",0,0
"Monroe","Elderly Circuit Breaker",171203.9,179817.85
"Monroe","State Property PILOT",10691.66,11951.5
"Monroe","Veterans' Exemption",11004.4,10479.93
"Monroe","Disability Exemption",2331.01,2306.91
"Monroe","Pequot Grants",32426.26,35496.72
"Monroe","Elderly Freeze",0,0
"Monroe","DECD Tax Abatement",0,0
"Monroe","DECD PILOT Grant",0,0
"Monroe","LoCIP",136429,134631
"Monroe","Town Aid Road",351092.74,351766
"Monroe","Total",715178.97,726449.91
"New Canaan","Colleges & Hospitals PILOT",0,0
"New Canaan","Elderly Circuit Breaker",29300.89,26211.19
"New Canaan","State Property PILOT",42306.05,47151.27
"New Canaan","Veterans' Exemption",1338.76,1380.35
"New Canaan","Disability Exemption",154.26,158.95
"New Canaan","Pequot Grants",7291.6,9292.75
"New Canaan","Elderly Freeze",0,0
"New Canaan","DECD Tax Abatement",0,0
"New Canaan","DECD PILOT Grant",0,0
"New Canaan","LoCIP",115796,115715
"New Canaan","Town Aid Road",330353.25,330869
"New Canaan","Total",526540.81,530778.51
"New Fairfield","Colleges & Hospitals PILOT",0,0
"New Fairfield","Elderly Circuit Breaker",84158.52,89316.13
"New Fairfield","State Property PILOT",18427.33,20607.21
"New Fairfield","Veterans' Exemption",16519.37,16292.9
"New Fairfield","Disability Exemption",1473.12,1556.07
"New Fairfield","Pequot Grants",22907.65,26467.8
"New Fairfield","Elderly Freeze",0,0
"New Fairfield","DECD Tax Abatement",0,0
"New Fairfield","DECD PILOT Grant",0,0
"New Fairfield","LoCIP",80813,80517
"New Fairfield","Town Aid Road",276120.63,276563
"New Fairfield","Total",500419.62,511320.11
"Newtown","Colleges & Hospitals PILOT",0,0
"Newtown","Elderly Circuit Breaker",156866.11,149044.47
"Newtown","State Property PILOT",812504.35,946196.9
"Newtown","Veterans' Exemption",17306.62,15992.89
"Newtown","Disability Exemption",2143.07,1930.67
"Newtown","Pequot Grants",797498.01,952649.22
"Newtown","Elderly Freeze",0,0
"Newtown","DECD Tax Abatement",0,0
"Newtown","DECD PILOT Grant",0,0
"Newtown","LoCIP",208506,207562
"Newtown","Town Aid Road",470722.7,469220
"Newtown","Total",2465546.86,2742596.15
"Norwalk","Colleges & Hospitals PILOT",1465920.25,1571461.46
"Norwalk","Elderly Circuit Breaker",476287.18,447973.15
"Norwalk","State Property PILOT",333954.64,404528.06
"Norwalk","Veterans' Exemption",3139.47,4248.59
"Norwalk","Disability Exemption",2268.62,3145.52
"Norwalk","Pequot Grants",851029.31,855994.69
"Norwalk","Elderly Freeze",16000,14783.05
"Norwalk","DECD Tax Abatement",11504,11482
"Norwalk","DECD PILOT Grant",0,0
"Norwalk","LoCIP",632242,631512
"Norwalk","Town Aid Road",883599.45,887652
"Norwalk","Total",4675944.92,4832780.52
"Redding","Colleges & Hospitals PILOT",0,0
"Redding","Elderly Circuit Breaker",23510.11,22700.84
"Redding","State Property PILOT",172867.65,179434.4
"Redding","Veterans' Exemption",1273.21,1116.36
"Redding","Disability Exemption",280.58,246.42
"Redding","Pequot Grants",9432.56,11693.72
"Redding","Elderly Freeze",0,0
"Redding","DECD Tax Abatement",0,0
"Redding","DECD PILOT Grant",0,0
"Redding","LoCIP",69029,69362
"Redding","Town Aid Road",268517.61,268879
"Redding","Total",544910.72,553432.74
"Ridgefield","Colleges & Hospitals PILOT",0,0
"Ridgefield","Elderly Circuit Breaker",58654.01,60087.73
"Ridgefield","State Property PILOT",163023.37,148889.04
"Ridgefield","Veterans' Exemption",4294.96,1635.48
"Ridgefield","Disability Exemption",961.54,1019.82
"Ridgefield","Pequot Grants",14277.69,16612.43
"Ridgefield","Elderly Freeze",0,0
"Ridgefield","DECD Tax Abatement",0,0
"Ridgefield","DECD PILOT Grant",0,0
"Ridgefield","LoCIP",153701,153327
"Ridgefield","Town Aid Road",378461.76,378878
"Ridgefield","Total",773374.33,760449.5
"Shelton","Colleges & Hospitals PILOT",0,0
"Shelton","Elderly Circuit Breaker",256013.14,249993.48
"Shelton","State Property PILOT",14632.82,15668.05
"Shelton","Veterans' Exemption",29978.15,28925.95
"Shelton","Disability Exemption",4245.83,4088.97
"Shelton","Pequot Grants",77086.43,80087.97
"Shelton","Elderly Freeze",0,0
"Shelton","DECD Tax Abatement",0,0
"Shelton","DECD PILOT Grant",0,0
"Shelton","LoCIP",265841,267034
"Shelton","Town Aid Road",493927.09,495552
"Shelton","Total",1141724.46,1141350.42
"Sherman","Colleges & Hospitals PILOT",0,0
"Sherman","Elderly Circuit Breaker",19240.7,19453.41
"Sherman","State Property PILOT",12.3,14.29
"Sherman","Veterans' Exemption",1374.72,1379.01
"Sherman","Disability Exemption",133.6,101.47
"Sherman","Pequot Grants",8184.19,10407.61
"Sherman","Elderly Freeze",0,0
"Sherman","DECD Tax Abatement",0,0
"Sherman","DECD PILOT Grant",0,0
"Sherman","LoCIP",26721,26607
"Sherman","Town Aid Road",204655.53,204907
"Sherman","Total",260322.04,262869.79
"Stamford","Colleges & Hospitals PILOT",1747011.14,1963213.67
"Stamford","Elderly Circuit Breaker",383777.7,331756.51
"Stamford","State Property PILOT",1217777.73,1510039.07
"Stamford","Veterans' Exemption",25929.75,60209.07
"Stamford","Disability Exemption",2674.77,2868.43
"Stamford","Pequot Grants",921041.17,926415.03
"Stamford","Elderly Freeze",5000,2000
"Stamford","DECD Tax Abatement",361905,430338
"Stamford","DECD PILOT Grant",254421,237929
"Stamford","LoCIP",812613,821608
"Stamford","Town Aid Road",1196828.38,1204261
"Stamford","Total",6928979.64,7490637.78
"Stratford","Colleges & Hospitals PILOT",0,0
"Stratford","Elderly Circuit Breaker",545668.28,539539.55
"Stratford","State Property PILOT",367403.05,400622.03
"Stratford","Veterans' Exemption",152730.69,138825.97
"Stratford","Disability Exemption",8870.02,8594.47
"Stratford","Pequot Grants",163807.07,168339.23
"Stratford","Elderly Freeze",6126.5,6000
"Stratford","DECD Tax Abatement",0,0
"Stratford","DECD PILOT Grant",64427,65480
"Stratford","LoCIP",393196,391112
"Stratford","Town Aid Road",597306.68,597569
"Stratford","Total",2299535.29,2316082.25
"Trumbull","Colleges & Hospitals PILOT",0,18591.15
"Trumbull","Elderly Circuit Breaker",246648.45,245248.92
"Trumbull","State Property PILOT",88414,96877.99
"Trumbull","Veterans' Exemption",35162.34,32937.41
"Trumbull","Disability Exemption",3390.87,3361.5
"Trumbull","Pequot Grants",47763.25,53557.21
"Trumbull","Elderly Freeze",0,0
"Trumbull","DECD Tax Abatement",0,0
"Trumbull","DECD PILOT Grant",0,0
"Trumbull","LoCIP",248363,246276
"Trumbull","Town Aid Road",463812.77,464109
"Trumbull","Total",1133554.68,1160959.18
"Weston","Colleges & Hospitals PILOT",0,0
"Weston","Elderly Circuit Breaker",17901.34,17520.47
"Weston","State Property PILOT",6173.28,6603.73
"Weston","Veterans' Exemption",1233.4,1145.01
"Weston","Disability Exemption",252.58,264.78
"Weston","Pequot Grants",7238.68,9369.16
"Weston","Elderly Freeze",0,0
"Weston","DECD Tax Abatement",0,0
"Weston","DECD PILOT Grant",0,0
"Weston","LoCIP",65365,65206
"Weston","Town Aid Road",251144.83,251516
"Weston","Total",349309.11,351625.15
"Westport","Colleges & Hospitals PILOT",176737.65,184153.25
"Westport","Elderly Circuit Breaker",94409.56,78044.64
"Westport","State Property PILOT",763031.96,828016.23
"Westport","Veterans' Exemption",12771,10945.46
"Westport","Disability Exemption",350.26,336.41
"Westport","Pequot Grants",26667.54,27989.49
"Westport","Elderly Freeze",0,0
"Westport","DECD Tax Abatement",0,0
"Westport","DECD PILOT Grant",0,0
"Westport","LoCIP",144901,145997
"Westport","Town Aid Road",382031.19,384848
"Westport","Total",1600900.16,1660330.48
"Wilton","Colleges & Hospitals PILOT",0,0
"Wilton","Elderly Circuit Breaker",60370.26,59164.04
"Wilton","State Property PILOT",93450.55,96399.53
"Wilton","Veterans' Exemption",4373.27,4914.25
"Wilton","Disability Exemption",366.38,361.55
"Wilton","Pequot Grants",9012.64,11265.37
"Wilton","Elderly Freeze",0,0
"Wilton","DECD Tax Abatement",0,0
"Wilton","DECD PILOT Grant",0,0
"Wilton","LoCIP",112983,112762
"Wilton","Town Aid Road",313129.96,315846
"Wilton","Total",593686.06,600712.74
"Avon","Colleges & Hospitals PILOT",0,0
"Avon","Elderly Circuit Breaker",79858.55,86558.4
"Avon","State Property PILOT",86888.52,95894.6
"Avon","Veterans' Exemption",4582.87,4714.66
"Avon","Disability Exemption",1020.11,1086.25
"Avon","Pequot Grants",14906.53,16843.73
"Avon","Elderly Freeze",0,0
"Avon","DECD Tax Abatement",0,0
"Avon","DECD PILOT Grant",0,0
"Avon","LoCIP",109484,108884
"Avon","Town Aid Road",310738.66,311737
"Avon","Total",607479.24,625718.64
"Berlin","Colleges & Hospitals PILOT",0,0
"Berlin","Elderly Circuit Breaker",111693.21,115767.88
"Berlin","State Property PILOT",24302.41,26031.73
"Berlin","Veterans' Exemption",12485.97,11534.55
"Berlin","Disability Exemption",2610.87,2728.53
"Berlin","Pequot Grants",48352.73,52750.15
"Berlin","Elderly Freeze",2000,2000
"Berlin","DECD Tax Abatement",0,0
"Berlin","DECD PILOT Grant",0,0
"Berlin","LoCIP",125634,125683
"Berlin","Town Aid Road",327928.02,332340
"Berlin","Total",655007.21,668835.84
"Bloomfield","Colleges & Hospitals PILOT",200565.34,208883.17
"Bloomfield","Elderly Circuit Breaker",137463.85,141641.31
"Bloomfield","State Property PILOT",119017.14,128054.77
"Bloomfield","Veterans' Exemption",11483.25,9977.05
"Bloomfield","Disability Exemption",1641.65,1667.88
"Bloomfield","Pequot Grants",156845.91,157761.04
"Bloomfield","Elderly Freeze",0,0
"Bloomfield","DECD Tax Abatement",49098,58383
"Bloomfield","DECD PILOT Grant",0,0
"Bloomfield","LoCIP",125404,126327
"Bloomfield","Town Aid Road",336688.93,337076
"Bloomfield","Total",1138208.07,1169771.22
"Bristol","Colleges & Hospitals PILOT",521930.05,581447.34
"Bristol","Elderly Circuit Breaker",345139.07,342923.59
"Bristol","State Property PILOT",84686.9,95900.95
"Bristol","Veterans' Exemption",31648.27,30932.76
"Bristol","Disability Exemption",12838.61,13352.15
"Bristol","Pequot Grants",588738.74,592173.77
"Bristol","Elderly Freeze",6000,6000
"Bristol","DECD Tax Abatement",0,0
"Bristol","DECD PILOT Grant",84164,54794
"Bristol","LoCIP",473117,471380
"Bristol","Town Aid Road",665909.37,665128
"Bristol","Total",2814172.01,2854032.56
"Burlington","Colleges & Hospitals PILOT",0,0
"Burlington","Elderly Circuit Breaker",40433.06,33232.6
"Burlington","State Property PILOT",50286.29,55498.43
"Burlington","Veterans' Exemption",1390.84,1747.71
"Burlington","Disability Exemption",411.9,382.86
"Burlington","Pequot Grants",19893.31,21865.51
"Burlington","Elderly Freeze",0,0
"Burlington","DECD Tax Abatement",0,0
"Burlington","DECD PILOT Grant",0,0
"Burlington","LoCIP",74146,74005
"Burlington","Town Aid Road",258593.95,259536
"Burlington","Total",445155.35,446268.11
"Canton","Colleges & Hospitals PILOT",0,0
"Canton","Elderly Circuit Breaker",61127.73,62443.34
"Canton","State Property PILOT",27665.36,31365.2
"Canton","Veterans' Exemption",2418.44,2757.1
"Canton","Disability Exemption",829.83,947.99
"Canton","Pequot Grants",22155.38,24270.41
"Canton","Elderly Freeze",0,0
"Canton","DECD Tax Abatement",0,0
"Canton","DECD PILOT Grant",0,0
"Canton","LoCIP",68641,68569
"Canton","Town Aid Road",260786.5,261055
"Canton","Total",443624.24,451408.04
"East Granby","Colleges & Hospitals PILOT",0,0
"East Granby","Elderly Circuit Breaker",24325.42,21609.86
"East Granby","State Property PILOT",762572.84,28827.87
"East Granby","Veterans' Exemption",4367.76,4833.03
"East Granby","Disability Exemption",149.08,152.41
"East Granby","Pequot Grants",15693.3,17361.42
"East Granby","Elderly Freeze",0,0
"East Granby","DECD Tax Abatement",0,0
"East Granby","DECD PILOT Grant",0,0
"East Granby","LoCIP",34837,34522
"East Granby","Town Aid Road",201792.14,201944
"East Granby","Total",1043737.54,309250.59
"East Hartford","Colleges & Hospitals PILOT",482178.23,520320.39
"East Hartford","Elderly Circuit Breaker",366445.36,376495.27
"East Hartford","State Property PILOT",716788.2,790945.48
"East Hartford","Veterans' Exemption",43734.96,41534.08
"East Hartford","Disability Exemption",11648.11,11510.57
"East Hartford","Pequot Grants",306328.85,308116.14
"East Hartford","Elderly Freeze",834,0
"East Hartford","DECD Tax Abatement",0,0
"East Hartford","DECD PILOT Grant",45404,38734
"East Hartford","LoCIP",454375,448528
"East Hartford","Town Aid Road",588529.96,587141
"East Hartford","Total",3016266.67,3123324.93
"East Windsor","Colleges & Hospitals PILOT",0,0
"East Windsor","Elderly Circuit Breaker",77824.27,81720.89
"East Windsor","State Property PILOT",85311.37,118146.26
"East Windsor","Veterans' Exemption",6733.07,6764.74
"East Windsor","Disability Exemption",1860.28,1615.81
"East Windsor","Pequot Grants",43507.48,48441.54
"East Windsor","Elderly Freeze",0,0
"East Windsor","DECD Tax Abatement",0,0
"East Windsor","DECD PILOT Grant",0,0
"East Windsor","LoCIP",77337,78232
"East Windsor","Town Aid Road",265770.32,267394
"East Windsor","Total",558343.79,602315.24
"Enfield","Colleges & Hospitals PILOT",23312.46,29052.43
"Enfield","Elderly Circuit Breaker",337137.24,325605.41
"Enfield","State Property PILOT",1144957.61,1301830.79
"Enfield","Veterans' Exemption",41922.82,40299.46
"Enfield","Disability Exemption",5389.06,6019.86
"Enfield","Pequot Grants",1322294.89,1449946.34
"Enfield","Elderly Freeze",2000,2000
"Enfield","DECD Tax Abatement",0,0
"Enfield","DECD PILOT Grant",88960,87821
"Enfield","LoCIP",315668,320305
"Enfield","Town Aid Road",536209.21,534951
"Enfield","Total",3817851.29,4097831.29
"Farmington","Colleges & Hospitals PILOT",27675.11,31717.62
"Farmington","Elderly Circuit Breaker",139343.62,141279.59
"Farmington","State Property PILOT",2745280.53,3507095.39
"Farmington","Veterans' Exemption",5073.64,5284.98
"Farmington","Disability Exemption",869.5,895.76
"Farmington","Pequot Grants",30763.11,31383.18
"Farmington","Elderly Freeze",2000,0
"Farmington","DECD Tax Abatement",0,0
"Farmington","DECD PILOT Grant",0,0
"Farmington","LoCIP",138512,136925
"Farmington","Town Aid Road",372175.1,372988
"Farmington","Total",3461692.61,4227569.52
"Glastonbury","Colleges & Hospitals PILOT",1376.59,1727.84
"Glastonbury","Elderly Circuit Breaker",143110.69,150681.84
"Glastonbury","State Property PILOT",59986.39,50469.28
"Glastonbury","Veterans' Exemption",12081.02,11962.11
"Glastonbury","Disability Exemption",2676.9,2811.67
"Glastonbury","Pequot Grants",38732.31,40104.92
"Glastonbury","Elderly Freeze",0,0
"Glastonbury","DECD Tax Abatement",0,0
"Glastonbury","DECD PILOT Grant",0,0
"Glastonbury","LoCIP",205872,203659
"Glastonbury","Town Aid Road",463798.39,465108
"Glastonbury","Total",927634.29,926524.66
"Granby","Colleges & Hospitals PILOT",0,0
"Granby","Elderly Circuit Breaker",70107.54,67715.49
"Granby","State Property PILOT",15566.32,13380.53
"Granby","Veterans' Exemption",3989.03,3859.68
"Granby","Disability Exemption",1258.19,1211.03
"Granby","Pequot Grants",26770.27,28113.1
"Granby","Elderly Freeze",0,0
"Granby","DECD Tax Abatement",10911,12974
"Granby","DECD PILOT Grant",0,0
"Granby","LoCIP",82007,79327
"Granby","Town Aid Road",259672.69,259653
"Granby","Total",470282.04,466233.83
"Hartford","Colleges & Hospitals PILOT",24234224.9,25279197.56
"Hartford","Elderly Circuit Breaker",337119.12,353811.73
"Hartford","State Property PILOT",13792383.19,14816240.84
"Hartford","Veterans' Exemption",55050.19,55360.33
"Hartford","Disability Exemption",9810.16,8231.72
"Hartford","Pequot Grants",6668828.53,6652859.78
"Hartford","Elderly Freeze",2000,2000
"Hartford","DECD Tax Abatement",418770,298544
"Hartford","DECD PILOT Grant",488583,482774
"Hartford","LoCIP",1895234,1976067
"Hartford","Town Aid Road",1205201.65,1202455
"Hartford","Total",49107204.74,51127541.96
"Hartland","Colleges & Hospitals PILOT",0,0
"Hartland","Elderly Circuit Breaker",10472.18,13536.91
"Hartland","State Property PILOT",95486.82,104841.42
"Hartland","Veterans' Exemption",976.02,1135.28
"Hartland","Disability Exemption",172.69,167.06
"Hartland","Pequot Grants",12304.12,13886.43
"Hartland","Elderly Freeze",0,0
"Hartland","DECD Tax Abatement",0,0
"Hartland","DECD PILOT Grant",0,0
"Hartland","LoCIP",19889,19057
"Hartland","Town Aid Road",142905.77,143026
"Hartland","Total",282206.6,295650.1
"Manchester","Colleges & Hospitals PILOT",802712.54,866237.22
"Manchester","Elderly Circuit Breaker",294334.21,296634.03
"Manchester","State Property PILOT",751664.16,844806.33
"Manchester","Veterans' Exemption",74765.01,73784.4
"Manchester","Disability Exemption",7750.72,7273.11
"Manchester","Pequot Grants",594716.14,598186.04
"Manchester","Elderly Freeze",2000,0
"Manchester","DECD Tax Abatement",0,0
"Manchester","DECD PILOT Grant",0,0
"Manchester","LoCIP",424979,422712
"Manchester","Town Aid Road",647712.69,646353
"Manchester","Total",3600634.47,3755986.13
"Marlborough","Colleges & Hospitals PILOT",0,0
"Marlborough","Elderly Circuit Breaker",21477.98,21164.9
"Marlborough","State Property PILOT",16015.6,16533.94
"Marlborough","Veterans' Exemption",914.48,1951
"Marlborough","Disability Exemption",569.13,696.98
"Marlborough","Pequot Grants",16616.99,18228.53
"Marlborough","Elderly Freeze",0,0
"Marlborough","DECD Tax Abatement",0,0
"Marlborough","DECD PILOT Grant",0,0
"Marlborough","LoCIP",51514,50347
"Marlborough","Town Aid Road",212336.26,212383
"Marlborough","Total",319444.44,321305.35
"New Britain","Colleges & Hospitals PILOT",2095010.96,2692729.89
"New Britain","Elderly Circuit Breaker",400534.79,399778.94
"New Britain","State Property PILOT",2904606.82,3710092.99
"New Britain","Veterans' Exemption",28339.76,31362.53
"New Britain","Disability Exemption",9338.4,9614.58
"New Britain","Pequot Grants",2285314.86,2298648.66
"New Britain","Elderly Freeze",4000,2000
"New Britain","DECD Tax Abatement",31725,37425
"New Britain","DECD PILOT Grant",0,0
"New Britain","LoCIP",974088,991377
"New Britain","Town Aid Road",772658.1,770020
"New Britain","Total",9505616.69,10943049.59
"Newington","Colleges & Hospitals PILOT",1753756.9,1633915.17
"Newington","Elderly Circuit Breaker",273333.15,273013.85
"Newington","State Property PILOT",688546.11,749382.79
"Newington","Veterans' Exemption",28376.1,30385.24
"Newington","Disability Exemption",5284.69,5467.95
"Newington","Pequot Grants",275048.54,254786.28
"Newington","Elderly Freeze",6000,6000
"Newington","DECD Tax Abatement",0,0
"Newington","DECD PILOT Grant",0,0
"Newington","LoCIP",212179,209032
"Newington","Town Aid Road",415969.23,415388
"Newington","Total",3658493.72,3577371.28
"Plainville","Colleges & Hospitals PILOT",0,0
"Plainville","Elderly Circuit Breaker",146340.77,152604.49
"Plainville","State Property PILOT",16166.67,17663.93
"Plainville","Veterans' Exemption",22861.51,23686.37
"Plainville","Disability Exemption",4242.84,3923.69
"Plainville","Pequot Grants",84669.12,86023.25
"Plainville","Elderly Freeze",2000,2000
"Plainville","DECD Tax Abatement",0,0
"Plainville","DECD PILOT Grant",0,0
"Plainville","LoCIP",126839,124459
"Plainville","Town Aid Road",307216.56,307546
"Plainville","Total",710336.47,717906.73
"Rocky Hill","Colleges & Hospitals PILOT",0,0
"Rocky Hill","Elderly Circuit Breaker",113260.06,120379.38
"Rocky Hill","State Property PILOT",711846.13,933775.41
"Rocky Hill","Veterans' Exemption",9969.24,10694.48
"Rocky Hill","Disability Exemption",1078.07,1155.1
"Rocky Hill","Pequot Grants",280252.66,281887.81
"Rocky Hill","Elderly Freeze",0,0
"Rocky Hill","DECD Tax Abatement",0,0
"Rocky Hill","DECD PILOT Grant",0,0
"Rocky Hill","LoCIP",115106,113558
"Rocky Hill","Town Aid Road",341638.34,341316
"Rocky Hill","Total",1573150.5,1802766.18
"Simsbury","Colleges & Hospitals PILOT",0,0
"Simsbury","Elderly Circuit Breaker",80646.3,76805.13
"Simsbury","State Property PILOT",106092.86,123398.76
"Simsbury","Veterans' Exemption",5941.8,5826.26
"Simsbury","Disability Exemption",1731.85,1404.86
"Simsbury","Pequot Grants",31434.35,33612.73
"Simsbury","Elderly Freeze",0,0
"Simsbury","DECD Tax Abatement",0,0
"Simsbury","DECD PILOT Grant",0,0
"Simsbury","LoCIP",155184,154713
"Simsbury","Town Aid Road",360991.28,361234
"Simsbury","Total",742022.44,756994.74
"Southington","Colleges & Hospitals PILOT",137107.8,141492.6
"Southington","Elderly Circuit Breaker",321424.49,323276.02
"Southington","State Property PILOT",24949.02,26814.52
"Southington","Veterans' Exemption",54803.72,55846.5
"Southington","Disability Exemption",5492.05,5389.8
"Southington","Pequot Grants",144791.55,151249.74
"Southington","Elderly Freeze",0,0
"Southington","DECD Tax Abatement",0,0
"Southington","DECD PILOT Grant",0,0
"Southington","LoCIP",280548,280242
"Southington","Town Aid Road",521381.45,523137
"Southington","Total",1490498.08,1507448.18
"South Windsor","Colleges & Hospitals PILOT",0,0
"South Windsor","Elderly Circuit Breaker",148280.96,148758.82
"South Windsor","State Property PILOT",9824.6,13220.69
"South Windsor","Veterans' Exemption",15882.78,15025.74
"South Windsor","Disability Exemption",1839.66,1664.22
"South Windsor","Pequot Grants",56236.47,60215.1
"South Windsor","Elderly Freeze",2000,2000
"South Windsor","DECD Tax Abatement",0,0
"South Windsor","DECD PILOT Grant",0,0
"South Windsor","LoCIP",164563,164723
"South Windsor","Town Aid Road",380375.06,380687
"South Windsor","Total",779002.53,786294.57
"Suffield","Colleges & Hospitals PILOT",0,0
"Suffield","Elderly Circuit Breaker",83924.64,81549.91
"Suffield","State Property PILOT",3229942.98,2657587.53
"Suffield","Veterans' Exemption",8028.26,9062.11
"Suffield","Disability Exemption",1241.39,1078.13
"Suffield","Pequot Grants",2675180.22,2976970.56
"Suffield","Elderly Freeze",2000,1334
"Suffield","DECD Tax Abatement",0,0
"Suffield","DECD PILOT Grant",0,0
"Suffield","LoCIP",92400,91360
"Suffield","Town Aid Road",290658.13,291302
"Suffield","Total",6383375.62,6110244.24
"West Hartford","Colleges & Hospitals PILOT",1031732.31,1084553.96
"West Hartford","Elderly Circuit Breaker",274671.63,281353.61
"West Hartford","State Property PILOT",275698.93,301091.86
"West Hartford","Veterans' Exemption",69849.45,69076.99
"West Hartford","Disability Exemption",4539.75,6103.75
"West Hartford","Pequot Grants",242387.06,220031.54
"West Hartford","Elderly Freeze",2000,0
"West Hartford","DECD Tax Abatement",0,0
"West Hartford","DECD PILOT Grant",0,0
"West Hartford","LoCIP",459237,436682
"West Hartford","Town Aid Road",689310.95,687452
"West Hartford","Total",3049427.08,3086345.71
"Wethersfield","Colleges & Hospitals PILOT",8653.78,9178.44
"Wethersfield","Elderly Circuit Breaker",239211.52,234241.13
"Wethersfield","State Property PILOT",223496.44,247200.83
"Wethersfield","Veterans' Exemption",42027.74,42784.11
"Wethersfield","Disability Exemption",3375.51,3468.79
"Wethersfield","Pequot Grants",217909.86,219181.26
"Wethersfield","Elderly Freeze",0,0
"Wethersfield","DECD Tax Abatement",0,0
"Wethersfield","DECD PILOT Grant",21316,21517
"Wethersfield","LoCIP",188620,182902
"Wethersfield","Town Aid Road",403402.06,403048
"Wethersfield","Total",1348012.91,1363521.56
"Windsor","Colleges & Hospitals PILOT",0,0
"Windsor","Elderly Circuit Breaker",197149.58,207551.58
"Windsor","State Property PILOT",58247.34,55006.2
"Windsor","Veterans' Exemption",19874.59,21427.16
"Windsor","Disability Exemption",2659.22,2604.77
"Windsor","Pequot Grants",109862.66,108632.03
"Windsor","Elderly Freeze",0,0
"Windsor","DECD Tax Abatement",0,0
"Windsor","DECD PILOT Grant",0,0
"Windsor","LoCIP",184250,180920
"Windsor","Town Aid Road",404298.04,404234
"Windsor","Total",976341.43,980375.74
"Windsor Locks","Colleges & Hospitals PILOT",0,0
"Windsor Locks","Elderly Circuit Breaker",125904.47,130731.07
"Windsor Locks","State Property PILOT",3899299.99,94692.62
"Windsor Locks","Veterans' Exemption",14460.45,13068.84
"Windsor Locks","Disability Exemption",367.56,402.43
"Windsor Locks","Pequot Grants",442606.87,445189.28
"Windsor Locks","Elderly Freeze",0,0
"Windsor Locks","DECD Tax Abatement",0,0
"Windsor Locks","DECD PILOT Grant",0,0
"Windsor Locks","LoCIP",79778,79835
"Windsor Locks","Town Aid Road",263439.19,263475
"Windsor Locks","Total",4825856.53,1027394.24
"Barkhamsted","Colleges & Hospitals PILOT",0,0
"Barkhamsted","Elderly Circuit Breaker",20482.73,19605.79
"Barkhamsted","State Property PILOT",16897.42,20533.65
"Barkhamsted","Veterans' Exemption",2713.76,2397.37
"Barkhamsted","Disability Exemption",235.12,209.96
"Barkhamsted","Pequot Grants",14403.18,16416.84
"Barkhamsted","Elderly Freeze",0,0
"Barkhamsted","DECD Tax Abatement",0,0
"Barkhamsted","DECD PILOT Grant",0,0
"Barkhamsted","LoCIP",36655,35653
"Barkhamsted","Town Aid Road",196060.73,195865
"Barkhamsted","Total",287447.94,290681.61
"Bethlehem","Colleges & Hospitals PILOT",0,0
"Bethlehem","Elderly Circuit Breaker",31587.3,32638.27
"Bethlehem","State Property PILOT",1114.59,1198.8
"Bethlehem","Veterans' Exemption",3410.34,3383.94
"Bethlehem","Disability Exemption",108.37,134.07
"Bethlehem","Pequot Grants",12917.32,15431.05
"Bethlehem","Elderly Freeze",0,0
"Bethlehem","DECD Tax Abatement",0,0
"Bethlehem","DECD PILOT Grant",0,0
"Bethlehem","LoCIP",34040,34326
"Bethlehem","Town Aid Road",214555.96,214442
"Bethlehem","Total",297733.88,301554.13
"Bridgewater","Colleges & Hospitals PILOT",0,0
"Bridgewater","Elderly Circuit Breaker",14710.85,14829.17
"Bridgewater","State Property PILOT",1321.26,1421.1
"Bridgewater","Veterans' Exemption",1873.92,2264.76
"Bridgewater","Disability Exemption",107.93,102.92
"Bridgewater","Pequot Grants",6770.44,8687.85
"Bridgewater","Elderly Freeze",0,0
"Bridgewater","DECD Tax Abatement",0,0
"Bridgewater","DECD PILOT Grant",0,0
"Bridgewater","LoCIP",23733,23655
"Bridgewater","Town Aid Road",178981.68,178861
"Bridgewater","Total",227499.08,229821.8
"Canaan","Colleges & Hospitals PILOT",2026.71,2093.13
"Canaan","Elderly Circuit Breaker",13915.41,12551.74
"Canaan","State Property PILOT",94741.8,108377.49
"Canaan","Veterans' Exemption",1397.79,1405.58
"Canaan","Disability Exemption",75.77,77.56
"Canaan","Pequot Grants",7196.55,9492.92
"Canaan","Elderly Freeze",0,0
"Canaan","DECD Tax Abatement",0,0
"Canaan","DECD PILOT Grant",0,0
"Canaan","LoCIP",19505,19394
"Canaan","Town Aid Road",169373.59,169401
"Canaan","Total",308232.62,322793.42
"Colebrook","Colleges & Hospitals PILOT",0,0
"Colebrook","Elderly Circuit Breaker",9360.23,9417.21
"Colebrook","State Property PILOT",25011.51,7369.59
"Colebrook","Veterans' Exemption",3731.01,4508.67
"Colebrook","Disability Exemption",238.77,165.87
"Colebrook","Pequot Grants",8400.49,10461.41
"Colebrook","Elderly Freeze",0,0
"Colebrook","DECD Tax Abatement",0,0
"Colebrook","DECD PILOT Grant",0,0
"Colebrook","LoCIP",25087,24968
"Colebrook","Town Aid Road",200863.27,200862
"Colebrook","Total",272692.28,257752.75
"Cornwall","Colleges & Hospitals PILOT",0,0
"Cornwall","Elderly Circuit Breaker",13633.65,13811.49
"Cornwall","State Property PILOT",18084.84,19317.91
"Cornwall","Veterans' Exemption",443.62,805.51
"Cornwall","Disability Exemption",120.98,126.04
"Cornwall","Pequot Grants",6467.25,8441.9
"Cornwall","Elderly Freeze",0,0
"Cornwall","DECD Tax Abatement",0,0
"Cornwall","DECD PILOT Grant",0,0
"Cornwall","LoCIP",32673,32618
"Cornwall","Town Aid Road",223284.27,223417
"Cornwall","Total",294707.61,298537.85
"Goshen","Colleges & Hospitals PILOT",0,0
"Goshen","Elderly Circuit Breaker",17965.29,17436.95
"Goshen","State Property PILOT",24989.86,18576.4
"Goshen","Veterans' Exemption",2349.66,2446.64
"Goshen","Disability Exemption",253.75,229.11
"Goshen","Pequot Grants",8456.38,10587.95
"Goshen","Elderly Freeze",0,0
"Goshen","DECD Tax Abatement",0,0
"Goshen","DECD PILOT Grant",0,0
"Goshen","LoCIP",42882,42696
"Goshen","Town Aid Road",275723.19,276087
"Goshen","Total",372620.13,368060.05
"Harwinton","Colleges & Hospitals PILOT",0,0
"Harwinton","Elderly Circuit Breaker",38418.02,39684.72
"Harwinton","State Property PILOT",9236.55,7749.07
"Harwinton","Veterans' Exemption",1575.81,1702.65
"Harwinton","Disability Exemption",390.14,275.14
"Harwinton","Pequot Grants",16720.91,17719.17
"Harwinton","Elderly Freeze",0,0
"Harwinton","DECD Tax Abatement",0,0
"Harwinton","DECD PILOT Grant",0,0
"Harwinton","LoCIP",51001,49911
"Harwinton","Town Aid Road",227760.6,227680
"Harwinton","Total",345103.03,344721.75
"Kent","Colleges & Hospitals PILOT",0,0
"Kent","Elderly Circuit Breaker",16664.12,21092.08
"Kent","State Property PILOT",56452.19,61483.97
"Kent","Veterans' Exemption",718.4,723.37
"Kent","Disability Exemption",114.58,130.64
"Kent","Pequot Grants",7817.22,10105.47
"Kent","Elderly Freeze",0,0
"Kent","DECD Tax Abatement",6666,8533
"Kent","DECD PILOT Grant",0,0
"Kent","LoCIP",41472,41921
"Kent","Town Aid Road",281308.92,281659
"Kent","Total",411213.43,425648.53
"Litchfield","Colleges & Hospitals PILOT",0,0
"Litchfield","Elderly Circuit Breaker",55407.83,61507.4
"Litchfield","State Property PILOT",73076.51,80000.02
"Litchfield","Veterans' Exemption",3627.76,4133.9
"Litchfield","Disability Exemption",438.07,451.07
"Litchfield","Pequot Grants",20482.95,21684.79
"Litchfield","Elderly Freeze",0,0
"Litchfield","DECD Tax Abatement",0,0
"Litchfield","DECD PILOT Grant",0,0
"Litchfield","LoCIP",83507,81931
"Litchfield","Town Aid Road",382097.46,382385
"Litchfield","Total",618637.58,632093.18
"Morris","Colleges & Hospitals PILOT",0,0
"Morris","Elderly Circuit Breaker",12541.28,14736.88
"Morris","State Property PILOT",16505.72,17550.14
"Morris","Veterans' Exemption",248.39,345.68
"Morris","Disability Exemption",171.68,133.53
"Morris","Pequot Grants",9385.58,11261.75
"Morris","Elderly Freeze",0,0
"Morris","DECD Tax Abatement",0,0
"Morris","DECD PILOT Grant",0,0
"Morris","LoCIP",21876,21705
"Morris","Town Aid Road",177386.89,177379
"Morris","Total",238115.54,243111.98
"New Hartford","Colleges & Hospitals PILOT",0,0
"New Hartford","Elderly Circuit Breaker",34898.08,33780.65
"New Hartford","State Property PILOT",18163.57,19653.99
"New Hartford","Veterans' Exemption",3148.75,3206.58
"New Hartford","Disability Exemption",483.62,471.87
"New Hartford","Pequot Grants",20324.29,21795.87
"New Hartford","Elderly Freeze",0,0
"New Hartford","DECD Tax Abatement",0,0
"New Hartford","DECD PILOT Grant",0,0
"New Hartford","LoCIP",63021,63013
"New Hartford","Town Aid Road",269962.54,269858
"New Hartford","Total",410001.85,411779.96
"New Milford","Colleges & Hospitals PILOT",216041.38,228085.5
"New Milford","Elderly Circuit Breaker",133962.55,139050.52
"New Milford","State Property PILOT",33027.18,32756.13
"New Milford","Veterans' Exemption",11615.89,11810.92
"New Milford","Disability Exemption",2436.98,2488.3
"New Milford","Pequot Grants",85724.02,84077.49
"New Milford","Elderly Freeze",0,0
"New Milford","DECD Tax Abatement",0,0
"New Milford","DECD PILOT Grant",0,0
"New Milford","LoCIP",196090,192049
"New Milford","Town Aid Road",559689.94,558293
"New Milford","Total",1238587.94,1248610.86
"Norfolk","Colleges & Hospitals PILOT",44163.45,47767.14
"Norfolk","Elderly Circuit Breaker",8266.53,10507.2
"Norfolk","State Property PILOT",83742.09,90247.8
"Norfolk","Veterans' Exemption",773.28,957.85
"Norfolk","Disability Exemption",249.41,305.62
"Norfolk","Pequot Grants",11993,14208.34
"Norfolk","Elderly Freeze",0,0
"Norfolk","DECD Tax Abatement",0,0
"Norfolk","DECD PILOT Grant",0,0
"Norfolk","LoCIP",32030,31899
"Norfolk","Town Aid Road",250822.3,251076
"Norfolk","Total",432040.06,446968.95
"North Canaan","Colleges & Hospitals PILOT",0,0
"North Canaan","Elderly Circuit Breaker",28853.98,31342.49
"North Canaan","State Property PILOT",21777.49,25016.58
"North Canaan","Veterans' Exemption",585.12,902.62
"North Canaan","Disability Exemption",314.54,257.84
"North Canaan","Pequot Grants",27006.66,25739.77
"North Canaan","Elderly Freeze",0,0
"North Canaan","DECD Tax Abatement",0,0
"North Canaan","DECD PILOT Grant",0,0
"North Canaan","LoCIP",29814,29971
"North Canaan","Town Aid Road",188722.78,188363
"North Canaan","Total",297074.57,301593.3
"Plymouth","Colleges & Hospitals PILOT",0,0
"Plymouth","Elderly Circuit Breaker",89378.33,93020.59
"Plymouth","State Property PILOT",11696.51,12212.43
"Plymouth","Veterans' Exemption",10186.84,8903.38
"Plymouth","Disability Exemption",2686.1,2673.43
"Plymouth","Pequot Grants",0,71533.94
"Plymouth","Elderly Freeze",2000,0
"Plymouth","DECD Tax Abatement",0,0
"Plymouth","DECD PILOT Grant",0,0
"Plymouth","LoCIP",96857,94231
"Plymouth","Town Aid Road",263163.95,262226
"Plymouth","Total",475968.73,544800.77
"Roxbury","Colleges & Hospitals PILOT",0,0
"Roxbury","Elderly Circuit Breaker",13413.07,12279.58
"Roxbury","State Property PILOT",3862.42,4280.75
"Roxbury","Veterans' Exemption",516.39,522.87
"Roxbury","Disability Exemption",105.46,102.79
"Roxbury","Pequot Grants",6297.96,8369.67
"Roxbury","Elderly Freeze",0,0
"Roxbury","DECD Tax Abatement",0,0
"Roxbury","DECD PILOT Grant",0,0
"Roxbury","LoCIP",36013,35916
"Roxbury","Town Aid Road",336540.2,329802
"Roxbury","Total",396748.5,391273.66
"Salisbury","Colleges & Hospitals PILOT",0,0
"Salisbury","Elderly Circuit Breaker",12678.63,10989.8
"Salisbury","State Property PILOT",7524.07,8250.82
"Salisbury","Veterans' Exemption",1272.73,1054.19
"Salisbury","Disability Exemption",91.63,71.6
"Salisbury","Pequot Grants",7396.92,9433.03
"Salisbury","Elderly Freeze",0,0
"Salisbury","DECD Tax Abatement",0,0
"Salisbury","DECD PILOT Grant",0,0
"Salisbury","LoCIP",44020,43871
"Salisbury","Town Aid Road",291850.35,292128
"Salisbury","Total",364834.33,365798.44
"Sharon","Colleges & Hospitals PILOT",0,0
"Sharon","Elderly Circuit Breaker",19058.37,17627.72
"Sharon","State Property PILOT",16200.62,18729.89
"Sharon","Veterans' Exemption",2281.97,3223.37
"Sharon","Disability Exemption",41.23,45.18
"Sharon","Pequot Grants",6781.69,8890.88
"Sharon","Elderly Freeze",0,0
"Sharon","DECD Tax Abatement",0,0
"Sharon","DECD PILOT Grant",4760,4279
"Sharon","LoCIP",49602,49456
"Sharon","Town Aid Road",354660.44,355320
"Sharon","Total",453386.32,457572.04
"Thomaston","Colleges & Hospitals PILOT",0,0
"Thomaston","Elderly Circuit Breaker",54911.97,55138.5
"Thomaston","State Property PILOT",34950.28,40662.93
"Thomaston","Veterans' Exemption",9502.48,10537.77
"Thomaston","Disability Exemption",875.16,985.74
"Thomaston","Pequot Grants",42299.33,41316.78
"Thomaston","Elderly Freeze",2000,0
"Thomaston","DECD Tax Abatement",0,0
"Thomaston","DECD PILOT Grant",0,0
"Thomaston","LoCIP",54334,53187
"Thomaston","Town Aid Road",224305.26,223708
"Thomaston","Total",423178.48,425536.72
"Torrington","Colleges & Hospitals PILOT",239621.72,254799.47
"Torrington","Elderly Circuit Breaker",334446.32,327978.2
"Torrington","State Property PILOT",225389.51,249421.12
"Torrington","Veterans' Exemption",30350.58,31532.37
"Torrington","Disability Exemption",7553.79,7165.42
"Torrington","Pequot Grants",262158.2,257270.86
"Torrington","Elderly Freeze",4000,2000
"Torrington","DECD Tax Abatement",0,0
"Torrington","DECD PILOT Grant",0,0
"Torrington","LoCIP",270258,258790
"Torrington","Town Aid Road",469609.51,465796
"Torrington","Total",1843387.63,1854753.44
"Warren","Colleges & Hospitals PILOT",0,0
"Warren","Elderly Circuit Breaker",10797.33,9278.77
"Warren","State Property PILOT",12891.8,14319.46
"Warren","Veterans' Exemption",1275.79,1535.33
"Warren","Disability Exemption",48.99,60.52
"Warren","Pequot Grants",6585.41,8782.03
"Warren","Elderly Freeze",0,0
"Warren","DECD Tax Abatement",0,0
"Warren","DECD PILOT Grant",0,0
"Warren","LoCIP",21849,21782
"Warren","Town Aid Road",181643.28,181621
"Warren","Total",235091.6,237379.11
"Washington","Colleges & Hospitals PILOT",0,0
"Washington","Elderly Circuit Breaker",23404.17,23768.11
"Washington","State Property PILOT",31545,34664.16
"Washington","Veterans' Exemption",1078.46,1172.93
"Washington","Disability Exemption",134.58,138.08
"Washington","Pequot Grants",7331.4,9437.84
"Washington","Elderly Freeze",0,0
"Washington","DECD Tax Abatement",0,0
"Washington","DECD PILOT Grant",0,0
"Washington","LoCIP",52181,52666
"Washington","Town Aid Road",328600.95,329042
"Washington","Total",444275.56,450889.12
"Watertown","Colleges & Hospitals PILOT",0,0
"Watertown","Elderly Circuit Breaker",194974.14,195741.97
"Watertown","State Property PILOT",31976.08,35613.14
"Watertown","Veterans' Exemption",27808.1,33056.99
"Watertown","Disability Exemption",1635.84,1811.91
"Watertown","Pequot Grants",82610.22,85337.04
"Watertown","Elderly Freeze",1334,0
"Watertown","DECD Tax Abatement",0,0
"Watertown","DECD PILOT Grant",0,0
"Watertown","LoCIP",157820,156068
"Watertown","Town Aid Road",354463.21,353011
"Watertown","Total",852621.59,860640.05
"Winchester","Colleges & Hospitals PILOT",36008.72,43134.39
"Winchester","Elderly Circuit Breaker",64283.21,60406.77
"Winchester","State Property PILOT",75292.39,80034.96
"Winchester","Veterans' Exemption",2644.12,2725.01
"Winchester","Disability Exemption",1280.45,1233.47
"Winchester","Pequot Grants",72704.19,74634.76
"Winchester","Elderly Freeze",0,0
"Winchester","DECD Tax Abatement",0,0
"Winchester","DECD PILOT Grant",0,0
"Winchester","LoCIP",89720,89011
"Winchester","Town Aid Road",302244.66,301370
"Winchester","Total",644177.74,652550.36
"Woodbury","Colleges & Hospitals PILOT",0,0
"Woodbury","Elderly Circuit Breaker",50975.72,49501.65
"Woodbury","State Property PILOT",521.62,570.56
"Woodbury","Veterans' Exemption",2065.86,2219.64
"Woodbury","Disability Exemption",841.81,853.82
"Woodbury","Pequot Grants",17369.39,19475.76
"Woodbury","Elderly Freeze",0,0
"Woodbury","DECD Tax Abatement",0,0
"Woodbury","DECD PILOT Grant",0,0
"Woodbury","LoCIP",78343,78210
"Woodbury","Town Aid Road",296362.61,295851
"Woodbury","Total",446480.01,446682.43
"Chester","Colleges & Hospitals PILOT",0,0
"Chester","Elderly Circuit Breaker",21723.69,21939.43
"Chester","State Property PILOT",13494.61,14715.89
"Chester","Veterans' Exemption",2398.83,2803.38
"Chester","Disability Exemption",232.07,190.4
"Chester","Pequot Grants",11782.41,14916.6
"Chester","Elderly Freeze",0,0
"Chester","DECD Tax Abatement",0,0
"Chester","DECD PILOT Grant",0,0
"Chester","LoCIP",27864,28576
"Chester","Town Aid Road",186332.54,190075
"Chester","Total",263828.15,273216.7
"Clinton","Colleges & Hospitals PILOT",0,0
"Clinton","Elderly Circuit Breaker",119859.94,116201.41
"Clinton","State Property PILOT",33631.96,36598.12
"Clinton","Veterans' Exemption",17050.82,19929.46
"Clinton","Disability Exemption",1097.81,1052.46
"Clinton","Pequot Grants",37790.94,38992.83
"Clinton","Elderly Freeze",2000,2000
"Clinton","DECD Tax Abatement",0,0
"Clinton","DECD PILOT Grant",0,0
"Clinton","LoCIP",84895,84464
"Clinton","Town Aid Road",270251.56,269158
"Clinton","Total",566578.03,568396.28
"Cromwell","Colleges & Hospitals PILOT",51354.84,57826.87
"Cromwell","Elderly Circuit Breaker",75968,72980.42
"Cromwell","State Property PILOT",14088.57,19754.03
"Cromwell","Veterans' Exemption",4359.09,4031
"Cromwell","Disability Exemption",839.88,877.03
"Cromwell","Pequot Grants",41709.56,45990.35
"Cromwell","Elderly Freeze",0,0
"Cromwell","DECD Tax Abatement",0,0
"Cromwell","DECD PILOT Grant",0,0
"Cromwell","LoCIP",84232,83041
"Cromwell","Town Aid Road",276637.43,277817
"Cromwell","Total",549189.37,562317.7
"Deep River","Colleges & Hospitals PILOT",0,0
"Deep River","Elderly Circuit Breaker",36770.21,38222.51
"Deep River","State Property PILOT",10215.32,11165
"Deep River","Veterans' Exemption",3364.34,3380
"Deep River","Disability Exemption",287.26,286.77
"Deep River","Pequot Grants",13628.74,15372.73
"Deep River","Elderly Freeze",0,0
"Deep River","DECD Tax Abatement",0,0
"Deep River","DECD PILOT Grant",0,0
"Deep River","LoCIP",32011,30364
"Deep River","Town Aid Road",199114.34,198719
"Deep River","Total",295391.21,297510.01
"Durham","Colleges & Hospitals PILOT",0,0
"Durham","Elderly Circuit Breaker",41040.32,40872.09
"Durham","State Property PILOT",18142.41,19798.49
"Durham","Veterans' Exemption",13617.72,18472.11
"Durham","Disability Exemption",863.27,877.78
"Durham","Pequot Grants",21968.35,23579.22
"Durham","Elderly Freeze",0,0
"Durham","DECD Tax Abatement",0,0
"Durham","DECD PILOT Grant",0,0
"Durham","LoCIP",54147,52321
"Durham","Town Aid Road",223216.99,222769
"Durham","Total",372996.06,378689.69
"East Haddam","Colleges & Hospitals PILOT",0,0
"East Haddam","Elderly Circuit Breaker",64996.82,65124.74
"East Haddam","State Property PILOT",28551.62,44041.8
"East Haddam","Veterans' Exemption",5290.52,5442.61
"East Haddam","Disability Exemption",641.66,532.08
"East Haddam","Pequot Grants",26978.1,29779.37
"East Haddam","Elderly Freeze",0,0
"East Haddam","DECD Tax Abatement",0,0
"East Haddam","DECD PILOT Grant",0,0
"East Haddam","LoCIP",89171,88338
"East Haddam","Town Aid Road",334397.13,329648
"East Haddam","Total",550026.85,562906.6
"East Hampton","Colleges & Hospitals PILOT",0,0
"East Hampton","Elderly Circuit Breaker",45252.69,47040.16
"East Hampton","State Property PILOT",107111,117635.52
"East Hampton","Veterans' Exemption",4773.57,4343.77
"East Hampton","Disability Exemption",1266.99,1247.92
"East Hampton","Pequot Grants",59349.21,61488.1
"East Hampton","Elderly Freeze",0,0
"East Hampton","DECD Tax Abatement",0,0
"East Hampton","DECD PILOT Grant",0,0
"East Hampton","LoCIP",92551,89318
"East Hampton","Town Aid Road",323375.49,322948
"East Hampton","Total",633679.95,644021.47
"Essex","Colleges & Hospitals PILOT",14206.89,15084.99
"Essex","Elderly Circuit Breaker",30148.62,31986.98
"Essex","State Property PILOT",9675,10949.05
"Essex","Veterans' Exemption",3050.2,3404.21
"Essex","Disability Exemption",184.05,178.91
"Essex","Pequot Grants",11463.21,13554.92
"Essex","Elderly Freeze",0,0
"Essex","DECD Tax Abatement",0,0
"Essex","DECD PILOT Grant",0,0
"Essex","LoCIP",40351,40043
"Essex","Town Aid Road",215748.32,215183
"Essex","Total",324827.29,330385.06
"Haddam","Colleges & Hospitals PILOT",0,0
"Haddam","Elderly Circuit Breaker",47263.79,47570.08
"Haddam","State Property PILOT",63832.08,69811.54
"Haddam","Veterans' Exemption",5477.82,6395.6
"Haddam","Disability Exemption",883.11,828.9
"Haddam","Pequot Grants",21343.61,23383.84
"Haddam","Elderly Freeze",0,0
"Haddam","DECD Tax Abatement",0,0
"Haddam","DECD PILOT Grant",0,0
"Haddam","LoCIP",74528,73867
"Haddam","Town Aid Road",244434.85,244273
"Haddam","Total",457763.26,466129.96
"Killingworth","Colleges & Hospitals PILOT",0,0
"Killingworth","Elderly Circuit Breaker",37953.24,39306.13
"Killingworth","State Property PILOT",97566.89,103880.26
"Killingworth","Veterans' Exemption",5714.97,5446.53
"Killingworth","Disability Exemption",367.41,334.53
"Killingworth","Pequot Grants",16757.45,18279.69
"Killingworth","Elderly Freeze",0,0
"Killingworth","DECD Tax Abatement",0,0
"Killingworth","DECD PILOT Grant",0,0
"Killingworth","LoCIP",54412,53343
"Killingworth","Town Aid Road",253102.29,252854
"Killingworth","Total",465874.25,473444.14
"Middlefield","Colleges & Hospitals PILOT",0,0
"Middlefield","Elderly Circuit Breaker",39901.85,38928.7
"Middlefield","State Property PILOT",9362.03,10410.78
"Middlefield","Veterans' Exemption",9516.86,8882.72
"Middlefield","Disability Exemption",556.45,520.42
"Middlefield","Pequot Grants",18711.68,21025.49
"Middlefield","Elderly Freeze",0,0
"Middlefield","DECD Tax Abatement",0,0
"Middlefield","DECD PILOT Grant",0,0
"Middlefield","LoCIP",32693,31698
"Middlefield","Town Aid Road",197600.02,197344
"Middlefield","Total",308341.89,308810.11
"Middletown","Colleges & Hospitals PILOT",3754909.94,4095248.46
"Middletown","Elderly Circuit Breaker",221916.1,217709.98
"Middletown","State Property PILOT",2312094.25,2573487.23
"Middletown","Veterans' Exemption",9958.56,11836.92
"Middletown","Disability Exemption",3833.07,3987.34
"Middletown","Pequot Grants",1245999.98,1253269.84
"Middletown","Elderly Freeze",4000,4000
"Middletown","DECD Tax Abatement",75746,90070
"Middletown","DECD PILOT Grant",133687,141931
"Middletown","LoCIP",319254,313567
"Middletown","Town Aid Road",602120.1,597667
"Middletown","Total",8683519,9302774.77
"Old Saybrook","Colleges & Hospitals PILOT",0,0
"Old Saybrook","Elderly Circuit Breaker",70451.79,75256.13
"Old Saybrook","State Property PILOT",55470.96,60806.5
"Old Saybrook","Veterans' Exemption",9610.16,12703.91
"Old Saybrook","Disability Exemption",348.2,362.68
"Old Saybrook","Pequot Grants",15544.61,18009.39
"Old Saybrook","Elderly Freeze",0,0
"Old Saybrook","DECD Tax Abatement",0,0
"Old Saybrook","DECD PILOT Grant",0,0
"Old Saybrook","LoCIP",68294,67011
"Old Saybrook","Town Aid Road",248577.74,247093
"Old Saybrook","Total",468297.46,481242.61
"Portland","Colleges & Hospitals PILOT",0,0
"Portland","Elderly Circuit Breaker",58793.29,56323.24
"Portland","State Property PILOT",25263.95,27555.5
"Portland","Veterans' Exemption",7307.7,6077.63
"Portland","Disability Exemption",860.97,731.38
"Portland","Pequot Grants",32582.98,33088.13
"Portland","Elderly Freeze",0,0
"Portland","DECD Tax Abatement",0,0
"Portland","DECD PILOT Grant",0,0
"Portland","LoCIP",65305,63149
"Portland","Town Aid Road",240795.23,240103
"Portland","Total",430909.12,427027.88
"Westbrook","Colleges & Hospitals PILOT",0,18860.86
"Westbrook","Elderly Circuit Breaker",46319.97,46931.63
"Westbrook","State Property PILOT",28183.53,30313.01
"Westbrook","Veterans' Exemption",13326.9,13343.29
"Westbrook","Disability Exemption",573.03,724.34
"Westbrook","Pequot Grants",14941.75,18947.37
"Westbrook","Elderly Freeze",0,0
"Westbrook","DECD Tax Abatement",0,0
"Westbrook","DECD PILOT Grant",0,0
"Westbrook","LoCIP",42582,42814
"Westbrook","Town Aid Road",217457.34,216968
"Westbrook","Total",363384.52,388902.5
"Ansonia","Colleges & Hospitals PILOT",0,0
"Ansonia","Elderly Circuit Breaker",138882.74,124876.88
"Ansonia","State Property PILOT",94496.74,116974.94
"Ansonia","Veterans' Exemption",29582.93,27395.64
"Ansonia","Disability Exemption",2952.43,2748.77
"Ansonia","Pequot Grants",164987.68,171557.42
"Ansonia","Elderly Freeze",2000,0
"Ansonia","DECD Tax Abatement",11330,13473
"Ansonia","DECD PILOT Grant",0,0
"Ansonia","LoCIP",178918,176587
"Ansonia","Town Aid Road",319696.84,318737
"Ansonia","Total",942847.36,952350.65
"Beacon Falls","Colleges & Hospitals PILOT",0,0
"Beacon Falls","Elderly Circuit Breaker",51758.7,53629.3
"Beacon Falls","State Property PILOT",45746.75,50469.28
"Beacon Falls","Veterans' Exemption",11955.59,12544.81
"Beacon Falls","Disability Exemption",1798.78,1800.61
"Beacon Falls","Pequot Grants",29537.52,29603.61
"Beacon Falls","Elderly Freeze",0,0
"Beacon Falls","DECD Tax Abatement",0,0
"Beacon Falls","DECD PILOT Grant",0,0
"Beacon Falls","LoCIP",38044,37461
"Beacon Falls","Town Aid Road",186864.2,188588
"Beacon Falls","Total",365705.54,374096.61
"Bethany","Colleges & Hospitals PILOT",15055.77,16126.07
"Bethany","Elderly Circuit Breaker",31843.09,33451.88
"Bethany","State Property PILOT",34257.9,38215.04
"Bethany","Veterans' Exemption",5530.66,6358.02
"Bethany","Disability Exemption",234.72,288.95
"Bethany","Pequot Grants",17533.15,19171.38
"Bethany","Elderly Freeze",0,0
"Bethany","DECD Tax Abatement",0,0
"Bethany","DECD PILOT Grant",0,0
"Bethany","LoCIP",47173,46761
"Bethany","Town Aid Road",211337.61,211211
"Bethany","Total",362965.9,371583.34
"Branford","Colleges & Hospitals PILOT",113085.82,113860.8
"Branford","Elderly Circuit Breaker",216565.16,214246.54
"Branford","State Property PILOT",53088.75,58564.5
"Branford","Veterans' Exemption",27198.58,26456.03
"Branford","Disability Exemption",2750.67,2728.65
"Branford","Pequot Grants",57719.93,57869.33
"Branford","Elderly Freeze",8000,6000
"Branford","DECD Tax Abatement",0,0
"Branford","DECD PILOT Grant",0,0
"Branford","LoCIP",157679,154428
"Branford","Town Aid Road",399554.08,399296
"Branford","Total",1035641.99,1033449.85
"Cheshire","Colleges & Hospitals PILOT",123840.65,129632.06
"Cheshire","Elderly Circuit Breaker",170940.32,166637.46
"Cheshire","State Property PILOT",1962731.25,2139714.77
"Cheshire","Veterans' Exemption",11973.47,12533.49
"Cheshire","Disability Exemption",1823.8,1856.44
"Cheshire","Pequot Grants",1984704.56,2154316.06
"Cheshire","Elderly Freeze",0,0
"Cheshire","DECD Tax Abatement",0,0
"Cheshire","DECD PILOT Grant",0,0
"Cheshire","LoCIP",184416,180905
"Cheshire","Town Aid Road",404049.68,404067
"Cheshire","Total",4844479.73,5189662.28
"Derby","Colleges & Hospitals PILOT",870460.25,894900.79
"Derby","Elderly Circuit Breaker",100000.08,95384.92
"Derby","State Property PILOT",42387.25,45384.56
"Derby","Veterans' Exemption",24953.39,23622.48
"Derby","Disability Exemption",3117.37,2241.49
"Derby","Pequot Grants",253404.23,254882.72
"Derby","Elderly Freeze",0,0
"Derby","DECD Tax Abatement",0,0
"Derby","DECD PILOT Grant",0,0
"Derby","LoCIP",106189,106011
"Derby","Town Aid Road",266644.7,265911
"Derby","Total",1667156.27,1688338.96
"East Haven","Colleges & Hospitals PILOT",0,0
"East Haven","Elderly Circuit Breaker",312684.61,321857.6
"East Haven","State Property PILOT",351907.11,379020.31
"East Haven","Veterans' Exemption",82754.79,83313.16
"East Haven","Disability Exemption",5126.56,5408.06
"East Haven","Pequot Grants",165781.28,161176.8
"East Haven","Elderly Freeze",8000,7334
"East Haven","DECD Tax Abatement",0,0
"East Haven","DECD PILOT Grant",0,0
"East Haven","LoCIP",223273,214564
"East Haven","Town Aid Road",403741.47,402897
"East Haven","Total",1553268.82,1575570.93
"Guilford","Colleges & Hospitals PILOT",18236.75,19423.28
"Guilford","Elderly Circuit Breaker",154038.34,151093.85
"Guilford","State Property PILOT",18737.84,20784.52
"Guilford","Veterans' Exemption",14401.34,17523.46
"Guilford","Disability Exemption",1970.78,2220.31
"Guilford","Pequot Grants",29115.85,31928.88
"Guilford","Elderly Freeze",4413.59,2437.09
"Guilford","DECD Tax Abatement",0,0
"Guilford","DECD PILOT Grant",0,0
"Guilford","LoCIP",138016,137609
"Guilford","Town Aid Road",360765.83,360844
"Guilford","Total",739696.32,743864.39
"Hamden","Colleges & Hospitals PILOT",2724546.13,3026410.59
"Hamden","Elderly Circuit Breaker",393456.44,399619.94
"Hamden","State Property PILOT",899598.05,1015382.3
"Hamden","Veterans' Exemption",138603.48,143885.91
"Hamden","Disability Exemption",9408.81,9286.38
"Hamden","Pequot Grants",933649.75,939097.19
"Hamden","Elderly Freeze",4000,2000
"Hamden","DECD Tax Abatement",0,0
"Hamden","DECD PILOT Grant",0,0
"Hamden","LoCIP",423130,431930
"Hamden","Town Aid Road",669782.43,668305
"Hamden","Total",6196175.09,6635917.31
"Madison","Colleges & Hospitals PILOT",0,0
"Madison","Elderly Circuit Breaker",101727.88,98800.25
"Madison","State Property PILOT",487447.19,540719.33
"Madison","Veterans' Exemption",23393.36,26533.85
"Madison","Disability Exemption",574.88,815.25
"Madison","Pequot Grants",18247.41,20365.65
"Madison","Elderly Freeze",0,0
"Madison","DECD Tax Abatement",0,0
"Madison","DECD PILOT Grant",0,0
"Madison","LoCIP",110572,110451
"Madison","Town Aid Road",313666.27,313685
"Madison","Total",1055628.99,1111370.33
"Meriden","Colleges & Hospitals PILOT",1206728.46,1256048.27
"Meriden","Elderly Circuit Breaker",454593.84,445806.35
"Meriden","State Property PILOT",398534.21,432065.03
"Meriden","Veterans' Exemption",60138.67,59289.81
"Meriden","Disability Exemption",14232.29,14593.64
"Meriden","Pequot Grants",901769.15,907030.57
"Meriden","Elderly Freeze",2000,2000
"Meriden","DECD Tax Abatement",0,0
"Meriden","DECD PILOT Grant",137590,138706
"Meriden","LoCIP",507399,509499
"Meriden","Town Aid Road",671705.94,669183
"Meriden","Total",4354691.56,4434221.67
"Middlebury","Colleges & Hospitals PILOT",0,0
"Middlebury","Elderly Circuit Breaker",38996.2,43679.09
"Middlebury","State Property PILOT",20703.25,20088.53
"Middlebury","Veterans' Exemption",4750.6,4709.4
"Middlebury","Disability Exemption",940.82,825.27
"Middlebury","Pequot Grants",16449.35,18094.37
"Middlebury","Elderly Freeze",0,0
"Middlebury","DECD Tax Abatement",0,0
"Middlebury","DECD PILOT Grant",0,0
"Middlebury","LoCIP",55001,55344
"Middlebury","Town Aid Road",222998.45,222906
"Middlebury","Total",359839.67,365646.66
"Milford","Colleges & Hospitals PILOT",423118.21,448474.61
"Milford","Elderly Circuit Breaker",488214.19,469538.55
"Milford","State Property PILOT",517358.95,556476.82
"Milford","Veterans' Exemption",148037.87,149981.23
"Milford","Disability Exemption",6020.14,6220.69
"Milford","Pequot Grants",396695.75,399010.29
"Milford","Elderly Freeze",0,0
"Milford","DECD Tax Abatement",0,0
"Milford","DECD PILOT Grant",0,0
"Milford","LoCIP",370960,351019
"Milford","Town Aid Road",601361.09,585695
"Milford","Total",2951766.2,2966416.19
"Naugatuck","Colleges & Hospitals PILOT",0,0
"Naugatuck","Elderly Circuit Breaker",217138.59,220771.03
"Naugatuck","State Property PILOT",62990.12,91304.75
"Naugatuck","Veterans' Exemption",42772.04,38157.12
"Naugatuck","Disability Exemption",19390.09,18418.33
"Naugatuck","Pequot Grants",211745.65,218528.97
"Naugatuck","Elderly Freeze",0,0
"Naugatuck","DECD Tax Abatement",0,0
"Naugatuck","DECD PILOT Grant",0,0
"Naugatuck","LoCIP",252368,248445
"Naugatuck","Town Aid Road",425230.23,424180
"Naugatuck","Total",1231634.72,1259805.2
"New Haven","Colleges & Hospitals PILOT",38567487.84,43465331.53
"New Haven","Elderly Circuit Breaker",434349.56,426816.3
"New Haven","State Property PILOT",5070785.73,6879419.01
"New Haven","Veterans' Exemption",52426.83,54310.53
"New Haven","Disability Exemption",11230.71,10427.76
"New Haven","Pequot Grants",7417027.69,6537303.87
"New Haven","Elderly Freeze",4000,2000
"New Haven","DECD Tax Abatement",85128,84958
"New Haven","DECD PILOT Grant",0,0
"New Haven","LoCIP",1790889,1648668
"New Haven","Town Aid Road",1244746.28,1251332
"New Haven","Total",54678071.64,60360567
"North Branford","Colleges & Hospitals PILOT",2248.96,2433.81
"North Branford","Elderly Circuit Breaker",112940.9,120167.07
"North Branford","State Property PILOT",5039.5,5679.62
"North Branford","Veterans' Exemption",13159.68,13973.05
"North Branford","Disability Exemption",2377.76,2275.32
"North Branford","Pequot Grants",43533.49,45448.75
"North Branford","Elderly Freeze",2000,2000
"North Branford","DECD Tax Abatement",0,0
"North Branford","DECD PILOT Grant",0,0
"North Branford","LoCIP",90105,88887
"North Branford","Town Aid Road",281783.31,281428
"North Branford","Total",553188.6,562292.62
"North Haven","Colleges & Hospitals PILOT",331748.56,647578.86
"North Haven","Elderly Circuit Breaker",214469.36,215596.73
"North Haven","State Property PILOT",104822.78,119369.41
"North Haven","Veterans' Exemption",31996.18,32137.73
"North Haven","Disability Exemption",3378,3709.23
"North Haven","Pequot Grants",157486.81,158405.67
"North Haven","Elderly Freeze",0,0
"North Haven","DECD Tax Abatement",0,0
"North Haven","DECD PILOT Grant",0,0
"North Haven","LoCIP",155081,154749
"North Haven","Town Aid Road",360908.36,360171
"North Haven","Total",1359891.05,1691717.63
"Orange","Colleges & Hospitals PILOT",191723.95,248667.87
"Orange","Elderly Circuit Breaker",81206.43,88748.78
"Orange","State Property PILOT",14826.7,11829.23
"Orange","Veterans' Exemption",14676.74,4372.91
"Orange","Disability Exemption",698.68,735.08
"Orange","Pequot Grants",42710.58,49247.07
"Orange","Elderly Freeze",0,0
"Orange","DECD Tax Abatement",0,0
"Orange","DECD PILOT Grant",0,0
"Orange","LoCIP",101148,100913
"Orange","Town Aid Road",275453.81,275147
"Orange","Total",722444.89,779660.94
"Oxford","Colleges & Hospitals PILOT",0,0
"Oxford","Elderly Circuit Breaker",41251.79,36912.77
"Oxford","State Property PILOT",228601.39,252505.19
"Oxford","Veterans' Exemption",6814.94,6146.25
"Oxford","Disability Exemption",1155.74,1038.71
"Oxford","Pequot Grants",32441.97,34508.94
"Oxford","Elderly Freeze",0,0
"Oxford","DECD Tax Abatement",0,0
"Oxford","DECD PILOT Grant",0,0
"Oxford","LoCIP",96161,95377
"Oxford","Town Aid Road",272785.92,273845
"Oxford","Total",679212.75,700333.86
"Prospect","Colleges & Hospitals PILOT",0,0
"Prospect","Elderly Circuit Breaker",78353.44,75682.72
"Prospect","State Property PILOT",1876.84,2055.16
"Prospect","Veterans' Exemption",18808.55,18924.67
"Prospect","Disability Exemption",1039.09,988.06
"Prospect","Pequot Grants",33489.32,37247.42
"Prospect","Elderly Freeze",0,0
"Prospect","DECD Tax Abatement",0,0
"Prospect","DECD PILOT Grant",0,0
"Prospect","LoCIP",64423,66103
"Prospect","Town Aid Road",238311.73,240207
"Prospect","Total",436301.97,441208.03
"Seymour","Colleges & Hospitals PILOT",0,0
"Seymour","Elderly Circuit Breaker",128280.38,124797.06
"Seymour","State Property PILOT",20511.83,22330.52
"Seymour","Veterans' Exemption",20268.62,18154.52
"Seymour","Disability Exemption",2784.89,2701.53
"Seymour","Pequot Grants",75402.85,78392.55
"Seymour","Elderly Freeze",0,0
"Seymour","DECD Tax Abatement",0,0
"Seymour","DECD PILOT Grant",67306,68127
"Seymour","LoCIP",115793,115583
"Seymour","Town Aid Road",297024.47,297032
"Seymour","Total",727372.04,727118.18
"Southbury","Colleges & Hospitals PILOT",0,0
"Southbury","Elderly Circuit Breaker",195937.52,216143.43
"Southbury","State Property PILOT",269239.25,298743.47
"Southbury","Veterans' Exemption",15147.82,14640.33
"Southbury","Disability Exemption",1494,1482.08
"Southbury","Pequot Grants",36930.01,42711.38
"Southbury","Elderly Freeze",0,0
"Southbury","DECD Tax Abatement",0,0
"Southbury","DECD PILOT Grant",0,0
"Southbury","LoCIP",131719,132008
"Southbury","Town Aid Road",379452.79,379296
"Southbury","Total",1029920.39,1085024.69
"Wallingford","Colleges & Hospitals PILOT",339817.62,354182.58
"Wallingford","Elderly Circuit Breaker",281265.58,283946.05
"Wallingford","State Property PILOT",50522.5,55743.48
"Wallingford","Veterans' Exemption",44457.48,45207.4
"Wallingford","Disability Exemption",4127.31,3972.73
"Wallingford","Pequot Grants",174548.39,172354.59
"Wallingford","Elderly Freeze",2000,2000
"Wallingford","DECD Tax Abatement",0,0
"Wallingford","DECD PILOT Grant",0,0
"Wallingford","LoCIP",290262,288056
"Wallingford","Town Aid Road",542292.78,542236
"Wallingford","Total",1729293.66,1747698.83
"Waterbury","Colleges & Hospitals PILOT",5433960.04,5773417.71
"Waterbury","Elderly Circuit Breaker",709413.4,723824.33
"Waterbury","State Property PILOT",3735300.8,4498583.17
"Waterbury","Veterans' Exemption",153353.97,147190.62
"Waterbury","Disability Exemption",30661.33,28716.02
"Waterbury","Pequot Grants",3037163.05,3054883.56
"Waterbury","Elderly Freeze",2000,2000
"Waterbury","DECD Tax Abatement",218300,259580
"Waterbury","DECD PILOT Grant",0,0
"Waterbury","LoCIP",1228228,1305413
"Waterbury","Town Aid Road",1083548.21,1078651
"Waterbury","Total",15631928.8,16872259.41
"West Haven","Colleges & Hospitals PILOT",6756914.52,6980086.28
"West Haven","Elderly Circuit Breaker",369199.47,397345.59
"West Haven","State Property PILOT",18124.7,59578.59
"West Haven","Veterans' Exemption",106355.46,103273.69
"West Haven","Disability Exemption",6712.92,6316.87
"West Haven","Pequot Grants",1009243.26,985720.52
"West Haven","Elderly Freeze",12000,12000
"West Haven","DECD Tax Abatement",0,0
"West Haven","DECD PILOT Grant",0,0
"West Haven","LoCIP",594761,579476
"West Haven","Town Aid Road",623598.79,621676
"West Haven","Total",9496910.12,9745473.54
"Wolcott","Colleges & Hospitals PILOT",0,0
"Wolcott","Elderly Circuit Breaker",159974.37,157101.02
"Wolcott","State Property PILOT",1936.38,2135.61
"Wolcott","Veterans' Exemption",28255.57,20180.12
"Wolcott","Disability Exemption",3036.18,2643.97
"Wolcott","Pequot Grants",64319.74,71259.93
"Wolcott","Elderly Freeze",2000,0
"Wolcott","DECD Tax Abatement",0,0
"Wolcott","DECD PILOT Grant",0,0
"Wolcott","LoCIP",114583,113229
"Wolcott","Town Aid Road",301986.58,302219
"Wolcott","Total",676091.82,668768.65
"Woodbridge","Colleges & Hospitals PILOT",93.72,97.97
"Woodbridge","Elderly Circuit Breaker",40853.72,38277.84
"Woodbridge","State Property PILOT",16126.32,17555.43
"Woodbridge","Veterans' Exemption",6187.67,5266.41
"Woodbridge","Disability Exemption",872.31,864.4
"Woodbridge","Pequot Grants",11275.98,13163.68
"Woodbridge","Elderly Freeze",0,0
"Woodbridge","DECD Tax Abatement",0,0
"Woodbridge","DECD PILOT Grant",0,0
"Woodbridge","LoCIP",64877,64474
"Woodbridge","Town Aid Road",241267.31,241007
"Woodbridge","Total",381554.03,380706.73
"Bozrah","Colleges & Hospitals PILOT",0,0
"Bozrah","Elderly Circuit Breaker",24399.39,24081.99
"Bozrah","State Property PILOT",4619.26,5304.37
"Bozrah","Veterans' Exemption",1768.27,1136.24
"Bozrah","Disability Exemption",346.92,387.61
"Bozrah","Pequot Grants",16481.33,18043.73
"Bozrah","Elderly Freeze",0,0
"Bozrah","DECD Tax Abatement",0,0
"Bozrah","DECD PILOT Grant",0,0
"Bozrah","LoCIP",26180,26545
"Bozrah","Town Aid Road",181771.86,181856
"Bozrah","Total",255567.03,257354.94
"Colchester","Colleges & Hospitals PILOT",0,0
"Colchester","Elderly Circuit Breaker",48325.53,48856.73
"Colchester","State Property PILOT",52350.61,58290.87
"Colchester","Veterans' Exemption",7960.43,6514.22
"Colchester","Disability Exemption",1894.18,1980.31
"Colchester","Pequot Grants",67827.6,71475.51
"Colchester","Elderly Freeze",0,0
"Colchester","DECD Tax Abatement",0,0
"Colchester","DECD PILOT Grant",0,0
"Colchester","LoCIP",118690,116846
"Colchester","Town Aid Road",347587.55,348769
"Colchester","Total",644635.9,652732.64
"East Lyme","Colleges & Hospitals PILOT",40547.95,42921.14
"East Lyme","Elderly Circuit Breaker",102889.18,98177.64
"East Lyme","State Property PILOT",933077.47,1028645.34
"East Lyme","Veterans' Exemption",24020.09,21620.42
"East Lyme","Disability Exemption",1275.52,1392.79
"East Lyme","Pequot Grants",329119.07,333126.08
"East Lyme","Elderly Freeze",0,0
"East Lyme","DECD Tax Abatement",0,0
"East Lyme","DECD PILOT Grant",0,0
"East Lyme","LoCIP",119562,118828
"East Lyme","Town Aid Road",320772.11,318395
"East Lyme","Total",1871263.39,1963106.41
"Franklin","Colleges & Hospitals PILOT",0,0
"Franklin","Elderly Circuit Breaker",15467.5,13568.31
"Franklin","State Property PILOT",15825.65,17425.76
"Franklin","Veterans' Exemption",1245.31,1240.94
"Franklin","Disability Exemption",189.78,168.56
"Franklin","Pequot Grants",12744.29,15254.42
"Franklin","Elderly Freeze",0,0
"Franklin","DECD Tax Abatement",0,0
"Franklin","DECD PILOT Grant",0,0
"Franklin","LoCIP",17905,17711
"Franklin","Town Aid Road",128878.89,129457
"Franklin","Total",192256.42,194825.99
"Griswold","Colleges & Hospitals PILOT",0,0
"Griswold","Elderly Circuit Breaker",39247.72,43852.17
"Griswold","State Property PILOT",59148.85,66818.5
"Griswold","Veterans' Exemption",9086.7,9135.66
"Griswold","Disability Exemption",1137.83,1083.64
"Griswold","Pequot Grants",101751.26,103448.72
"Griswold","Elderly Freeze",0,0
"Griswold","DECD Tax Abatement",0,0
"Griswold","DECD PILOT Grant",0,0
"Griswold","LoCIP",94537,91869
"Griswold","Town Aid Road",270414.09,191998
"Griswold","Total",575323.45,508205.69
"Groton","Colleges & Hospitals PILOT",49073.94,50292.19
"Groton","Elderly Circuit Breaker",130697.17,133163.9
"Groton","State Property PILOT",1059611.79,1164258.64
"Groton","Veterans' Exemption",11333.79,11397.2
"Groton","Disability Exemption",2908.14,2824.19
"Groton","Pequot Grants",1373411.7,1390132.65
"Groton","Elderly Freeze",2019.56,2000
"Groton","DECD Tax Abatement",0,0
"Groton","DECD PILOT Grant",0,0
"Groton","LoCIP",235199,211921
"Groton","Town Aid Road",495005.46,377392
"Groton","Total",3359260.55,3343381.77
"Lebanon","Colleges & Hospitals PILOT",0,0
"Lebanon","Elderly Circuit Breaker",32848.24,35568.11
"Lebanon","State Property PILOT",30427.96,33143.03
"Lebanon","Veterans' Exemption",3427.55,3920.18
"Lebanon","Disability Exemption",652.78,697.06
"Lebanon","Pequot Grants",30160.02,36533.42
"Lebanon","Elderly Freeze",0,0
"Lebanon","DECD Tax Abatement",0,0
"Lebanon","DECD PILOT Grant",0,0
"Lebanon","LoCIP",71772,72023
"Lebanon","Town Aid Road",317984.17,317096
"Lebanon","Total",487272.72,498980.8
"Ledyard","Colleges & Hospitals PILOT",0,0
"Ledyard","Elderly Circuit Breaker",68115.92,69112.71
"Ledyard","State Property PILOT",445630.92,693547.7
"Ledyard","Veterans' Exemption",4370.69,5022.49
"Ledyard","Disability Exemption",1167.76,1044.91
"Ledyard","Pequot Grants",940253.65,949184.23
"Ledyard","Elderly Freeze",0,0
"Ledyard","DECD Tax Abatement",0,0
"Ledyard","DECD PILOT Grant",0,0
"Ledyard","LoCIP",111762,111385
"Ledyard","Town Aid Road",295910.23,296103
"Ledyard","Total",1867211.17,2125400.04
"Lisbon","Colleges & Hospitals PILOT",0,0
"Lisbon","Elderly Circuit Breaker",22032.23,20725.36
"Lisbon","State Property PILOT",7117.61,7577.06
"Lisbon","Veterans' Exemption",2804.68,2334.27
"Lisbon","Disability Exemption",546.97,531.87
"Lisbon","Pequot Grants",28967.34,29329.36
"Lisbon","Elderly Freeze",0,0
"Lisbon","DECD Tax Abatement",0,0
"Lisbon","DECD PILOT Grant",0,0
"Lisbon","LoCIP",29421,28353
"Lisbon","Town Aid Road",176315.33,176428
"Lisbon","Total",267205.16,265278.92
"Lyme","Colleges & Hospitals PILOT",181.86,194.77
"Lyme","Elderly Circuit Breaker",22014.8,19827.61
"Lyme","State Property PILOT",15463.47,16460.9
"Lyme","Veterans' Exemption",334.63,410.28
"Lyme","Disability Exemption",0,0
"Lyme","Pequot Grants",6940.45,9112.73
"Lyme","Elderly Freeze",0,0
"Lyme","DECD Tax Abatement",0,0
"Lyme","DECD PILOT Grant",0,0
"Lyme","LoCIP",25854,25763
"Lyme","Town Aid Road",180231.44,180143
"Lyme","Total",251020.65,251912.29
"Montville","Colleges & Hospitals PILOT",0,0
"Montville","Elderly Circuit Breaker",105632.23,108059.81
"Montville","State Property PILOT",1489649.63,1979858.84
"Montville","Veterans' Exemption",9169.45,9463.93
"Montville","Disability Exemption",3430.9,3276.18
"Montville","Pequot Grants",1486050.71,1068665.31
"Montville","Elderly Freeze",0,0
"Montville","DECD Tax Abatement",0,0
"Montville","DECD PILOT Grant",0,0
"Montville","LoCIP",144672,145652
"Montville","Town Aid Road",326633.2,327476
"Montville","Total",3565238.12,3642452.07
"New London","Colleges & Hospitals PILOT",4698208.37,5032101.74
"New London","Elderly Circuit Breaker",104478.67,94560.25
"New London","State Property PILOT",376342.38,414949.43
"New London","Veterans' Exemption",6380.51,7693.02
"New London","Disability Exemption",2065.96,2816.8
"New London","Pequot Grants",1786209.59,1807956.26
"New London","Elderly Freeze",0,0
"New London","DECD Tax Abatement",0,0
"New London","DECD PILOT Grant",0,0
"New London","LoCIP",313951,308565
"New London","Town Aid Road",389683.64,390188
"New London","Total",7677320.12,8058830.5
"North Stonington","Colleges & Hospitals PILOT",0,0
"North Stonington","Elderly Circuit Breaker",38720.02,40436.26
"North Stonington","State Property PILOT",20445.4,23626.18
"North Stonington","Veterans' Exemption",7832.21,5989.16
"North Stonington","Disability Exemption",473.66,550.84
"North Stonington","Pequot Grants",885205.84,893855.48
"North Stonington","Elderly Freeze",0,0
"North Stonington","DECD Tax Abatement",0,0
"North Stonington","DECD PILOT Grant",0,0
"North Stonington","LoCIP",48378,47925
"North Stonington","Town Aid Road",239543.25,239744
"North Stonington","Total",1240598.38,1252126.92
"Norwich","Colleges & Hospitals PILOT",748854.81,810449.18
"Norwich","Elderly Circuit Breaker",216737.39,212308.96
"Norwich","State Property PILOT",783722.42,804820.88
"Norwich","Veterans' Exemption",16584.47,27291.18
"Norwich","Disability Exemption",4087.59,5952.13
"Norwich","Pequot Grants",1982596.02,2002691.82
"Norwich","Elderly Freeze",4000,2000
"Norwich","DECD Tax Abatement",0,0
"Norwich","DECD PILOT Grant",157438,129713
"Norwich","LoCIP",329508,320837
"Norwich","Town Aid Road",501225.89,501077
"Norwich","Total",4744754.59,4817141.15
"Old Lyme","Colleges & Hospitals PILOT",34021.88,35058.94
"Old Lyme","Elderly Circuit Breaker",35323.28,29421.45
"Old Lyme","State Property PILOT",28161.39,30352.17
"Old Lyme","Veterans' Exemption",3859.36,5552.48
"Old Lyme","Disability Exemption",187.05,197.41
"Old Lyme","Pequot Grants",13598.41,15319.17
"Old Lyme","Elderly Freeze",0,0
"Old Lyme","DECD Tax Abatement",0,0
"Old Lyme","DECD PILOT Grant",0,0
"Old Lyme","LoCIP",49181,49195
"Old Lyme","Town Aid Road",229999.5,229908
"Old Lyme","Total",394331.87,395004.62
"Preston","Colleges & Hospitals PILOT",0,0
"Preston","Elderly Circuit Breaker",23532.54,25945.38
"Preston","State Property PILOT",11014.97,16401.62
"Preston","Veterans' Exemption",861.05,1313.29
"Preston","Disability Exemption",354.98,335.3
"Preston","Pequot Grants",1173411.71,1183655.85
"Preston","Elderly Freeze",0,0
"Preston","DECD Tax Abatement",0,0
"Preston","DECD PILOT Grant",0,0
"Preston","LoCIP",44833,44286
"Preston","Town Aid Road",199697.35,199909
"Preston","Total",1453705.6,1471846.44
"Salem","Colleges & Hospitals PILOT",0,0
"Salem","Elderly Circuit Breaker",14511.17,15260.57
"Salem","State Property PILOT",58794.06,71139.48
"Salem","Veterans' Exemption",3624.6,1645.26
"Salem","Disability Exemption",212.16,159.05
"Salem","Pequot Grants",19050.8,21968.03
"Salem","Elderly Freeze",0,0
"Salem","DECD Tax Abatement",0,0
"Salem","DECD PILOT Grant",0,0
"Salem","LoCIP",33947,33666
"Salem","Town Aid Road",193326.67,193620
"Salem","Total",323466.46,337458.39
"Sprague","Colleges & Hospitals PILOT",0,0
"Sprague","Elderly Circuit Breaker",8171.42,8743.62
"Sprague","State Property PILOT",11431.28,12256.89
"Sprague","Veterans' Exemption",2682.6,1256.78
"Sprague","Disability Exemption",370.05,369.92
"Sprague","Pequot Grants",30898.84,31143.78
"Sprague","Elderly Freeze",0,0
"Sprague","DECD Tax Abatement",0,0
"Sprague","DECD PILOT Grant",0,0
"Sprague","LoCIP",25271,24806
"Sprague","Town Aid Road",151352.8,151371
"Sprague","Total",230177.99,229947.99
"Stonington","Colleges & Hospitals PILOT",0,0
"Stonington","Elderly Circuit Breaker",119766.16,115987.48
"Stonington","State Property PILOT",20554.15,21560.96
"Stonington","Veterans' Exemption",19287.55,17288.45
"Stonington","Disability Exemption",1805.04,1740.86
"Stonington","Pequot Grants",36076.37,40282.59
"Stonington","Elderly Freeze",5002.54,3522.91
"Stonington","DECD Tax Abatement",0,0
"Stonington","DECD PILOT Grant",0,0
"Stonington","LoCIP",111869,109956
"Stonington","Town Aid Road",314282.18,298655
"Stonington","Total",628642.99,608994.25
"Voluntown","Colleges & Hospitals PILOT",60000,60000
"Voluntown","Elderly Circuit Breaker",15783.46,16959.31
"Voluntown","State Property PILOT",134122.86,87923.23
"Voluntown","Veterans' Exemption",2596.71,2621.95
"Voluntown","Disability Exemption",271.59,310.05
"Voluntown","Pequot Grants",105783.87,92538.47
"Voluntown","Elderly Freeze",0,0
"Voluntown","DECD Tax Abatement",0,0
"Voluntown","DECD PILOT Grant",0,0
"Voluntown","LoCIP",25203,24841
"Voluntown","Town Aid Road",172902.02,172352
"Voluntown","Total",516663.51,457546.01
"Waterford","Colleges & Hospitals PILOT",46015.19,65721.44
"Waterford","Elderly Circuit Breaker",182304.99,185748.55
"Waterford","State Property PILOT",367117.15,286127.21
"Waterford","Veterans' Exemption",12223.54,12278.83
"Waterford","Disability Exemption",2111.89,2230.38
"Waterford","Pequot Grants",46896.59,51184.25
"Waterford","Elderly Freeze",2000,2000
"Waterford","DECD Tax Abatement",0,0
"Waterford","DECD PILOT Grant",0,0
"Waterford","LoCIP",119089,118570
"Waterford","Town Aid Road",321859.31,321871
"Waterford","Total",1099617.66,1045731.66
"Andover","Colleges & Hospitals PILOT",0,0
"Andover","Elderly Circuit Breaker",12524.24,14147.77
"Andover","State Property PILOT",18766.88,20165.27
"Andover","Veterans' Exemption",1268.23,1139.69
"Andover","Disability Exemption",433.77,497.51
"Andover","Pequot Grants",14230.32,15989.8
"Andover","Elderly Freeze",0,0
"Andover","DECD Tax Abatement",0,0
"Andover","DECD PILOT Grant",0,0
"Andover","LoCIP",27906,28185
"Andover","Town Aid Road",190432.3,190165
"Andover","Total",265561.74,270290.04
"Bolton","Colleges & Hospitals PILOT",0,0
"Bolton","Elderly Circuit Breaker",31702.96,30409
"Bolton","State Property PILOT",38025.35,42490.5
"Bolton","Veterans' Exemption",4884.04,5219.78
"Bolton","Disability Exemption",709.22,783.18
"Bolton","Pequot Grants",17834.76,20238.41
"Bolton","Elderly Freeze",0,0
"Bolton","DECD Tax Abatement",0,0
"Bolton","DECD PILOT Grant",0,0
"Bolton","LoCIP",38093,37644
"Bolton","Town Aid Road",200674.51,200448
"Bolton","Total",331923.84,337232.87
"Columbia","Colleges & Hospitals PILOT",0,0
"Columbia","Elderly Circuit Breaker",32273.13,33220.63
"Columbia","State Property PILOT",7044.78,7577.06
"Columbia","Veterans' Exemption",2734.17,2544.64
"Columbia","Disability Exemption",788.81,786.23
"Columbia","Pequot Grants",19167.11,21149.17
"Columbia","Elderly Freeze",0,0
"Columbia","DECD Tax Abatement",0,0
"Columbia","DECD PILOT Grant",0,0
"Columbia","LoCIP",40013,39504
"Columbia","Town Aid Road",205826.25,205576
"Columbia","Total",307847.25,310357.73
"Coventry","Colleges & Hospitals PILOT",0,0
"Coventry","Elderly Circuit Breaker",63265.56,65448.63
"Coventry","State Property PILOT",46274.27,51558.52
"Coventry","Veterans' Exemption",8352.72,6123.97
"Coventry","Disability Exemption",1453.96,1725.2
"Coventry","Pequot Grants",47323.98,48216.49
"Coventry","Elderly Freeze",0,0
"Coventry","DECD Tax Abatement",0,0
"Coventry","DECD PILOT Grant",0,0
"Coventry","LoCIP",103801,101904
"Coventry","Town Aid Road",292762.46,297200
"Coventry","Total",563233.95,572176.81
"Ellington","Colleges & Hospitals PILOT",0,0
"Ellington","Elderly Circuit Breaker",75395.3,71952.88
"Ellington","State Property PILOT",7216.52,7900.45
"Ellington","Veterans' Exemption",17492.02,18455.07
"Ellington","Disability Exemption",1601.42,1736.86
"Ellington","Pequot Grants",52633.67,54190.55
"Ellington","Elderly Freeze",0,0
"Ellington","DECD Tax Abatement",0,0
"Ellington","DECD PILOT Grant",0,0
"Ellington","LoCIP",107785,105415
"Ellington","Town Aid Road",338371.61,339904
"Ellington","Total",600495.54,599554.81
"Hebron","Colleges & Hospitals PILOT",0,0
"Hebron","Elderly Circuit Breaker",28301.71,31423.02
"Hebron","State Property PILOT",13991.13,15564.31
"Hebron","Veterans' Exemption",3848.41,3323.84
"Hebron","Disability Exemption",794.9,761.81
"Hebron","Pequot Grants",29206.13,30564.4
"Hebron","Elderly Freeze",0,0
"Hebron","DECD Tax Abatement",0,0
"Hebron","DECD PILOT Grant",0,0
"Hebron","LoCIP",72028,69933
"Hebron","Town Aid Road",242180.96,241561
"Hebron","Total",390351.24,393131.38
"Mansfield","Colleges & Hospitals PILOT",0,0
"Mansfield","Elderly Circuit Breaker",43610.43,52550.55
"Mansfield","State Property PILOT",6784862.39,7656351.48
"Mansfield","Veterans' Exemption",6607.43,6626
"Mansfield","Disability Exemption",1329.79,1340.31
"Mansfield","Pequot Grants",205984.73,207662.05
"Mansfield","Elderly Freeze",2000,0
"Mansfield","DECD Tax Abatement",0,0
"Mansfield","DECD PILOT Grant",10149,10028
"Mansfield","LoCIP",192489,184935
"Mansfield","Town Aid Road",423034.22,415303
"Mansfield","Total",7670066.99,8534796.39
"Somers","Colleges & Hospitals PILOT",0,0
"Somers","Elderly Circuit Breaker",59398.93,59835.73
"Somers","State Property PILOT",1379315.97,1499575.36
"Somers","Veterans' Exemption",10814.3,8033.36
"Somers","Disability Exemption",576.53,597.59
"Somers","Pequot Grants",1562239.36,1700850.02
"Somers","Elderly Freeze",2000,2000
"Somers","DECD Tax Abatement",0,0
"Somers","DECD PILOT Grant",0,0
"Somers","LoCIP",88743,87482
"Somers","Town Aid Road",270095.76,269120
"Somers","Total",3373183.85,3627494.06
"Stafford","Colleges & Hospitals PILOT",215980.94,228369.44
"Stafford","Elderly Circuit Breaker",94779.66,96507.59
"Stafford","State Property PILOT",49948.23,55003.03
"Stafford","Veterans' Exemption",34259.9,37179.33
"Stafford","Disability Exemption",3145.82,2956.11
"Stafford","Pequot Grants",98522.97,98482.83
"Stafford","Elderly Freeze",0,0
"Stafford","DECD Tax Abatement",0,0
"Stafford","DECD PILOT Grant",0,0
"Stafford","LoCIP",110004,109168
"Stafford","Town Aid Road",392422.22,392105
"Stafford","Total",999063.74,1019771.33
"Tolland","Colleges & Hospitals PILOT",0,0
"Tolland","Elderly Circuit Breaker",71146.8,73126.3
"Tolland","State Property PILOT",48842.01,52882.76
"Tolland","Veterans' Exemption",7874.23,7674.44
"Tolland","Disability Exemption",1649.16,1667.35
"Tolland","Pequot Grants",42068.7,43715.4
"Tolland","Elderly Freeze",0,0
"Tolland","DECD Tax Abatement",0,0
"Tolland","DECD PILOT Grant",0,0
"Tolland","LoCIP",118428,115715
"Tolland","Town Aid Road",339492.68,338861
"Tolland","Total",629501.58,633642.25
"Union","Colleges & Hospitals PILOT",0,0
"Union","Elderly Circuit Breaker",1342.37,1365.23
"Union","State Property PILOT",28808.98,32010.38
"Union","Veterans' Exemption",419.39,671.9
"Union","Disability Exemption",21.47,24.72
"Union","Pequot Grants",22341.05,22471.41
"Union","Elderly Freeze",0,0
"Union","DECD Tax Abatement",0,0
"Union","DECD PILOT Grant",0,0
"Union","LoCIP",15057,14950
"Union","Town Aid Road",124731.93,124709
"Union","Total",192722.19,196202.64
"Vernon","Colleges & Hospitals PILOT",310248.8,339448.85
"Vernon","Elderly Circuit Breaker",142746.17,143810.93
"Vernon","State Property PILOT",197995.79,239452.81
"Vernon","Veterans' Exemption",21034.7,23275.43
"Vernon","Disability Exemption",3117.72,3260.39
"Vernon","Pequot Grants",177260.78,177682.89
"Vernon","Elderly Freeze",0,0
"Vernon","DECD Tax Abatement",0,0
"Vernon","DECD PILOT Grant",0,0
"Vernon","LoCIP",217205,208454
"Vernon","Town Aid Road",403154.76,402328
"Vernon","Total",1472763.72,1537713.3
"Willington","Colleges & Hospitals PILOT",0,0
"Willington","Elderly Circuit Breaker",15631.6,16657.72
"Willington","State Property PILOT",42153.5,46133.48
"Willington","Veterans' Exemption",792.51,844.58
"Willington","Disability Exemption",537.01,559.29
"Willington","Pequot Grants",25916.61,28761.76
"Willington","Elderly Freeze",0,0
"Willington","DECD Tax Abatement",0,0
"Willington","DECD PILOT Grant",0,0
"Willington","LoCIP",60224,59949
"Willington","Town Aid Road",258023.29,257809
"Willington","Total",403278.52,410714.83
"Ashford","Colleges & Hospitals PILOT",0,0
"Ashford","Elderly Circuit Breaker",19464.29,20400.14
"Ashford","State Property PILOT",5628.54,6170.78
"Ashford","Veterans' Exemption",1659.76,1466.63
"Ashford","Disability Exemption",1087.54,1123.45
"Ashford","Pequot Grants",23609.85,24197.57
"Ashford","Elderly Freeze",0,0
"Ashford","DECD Tax Abatement",0,0
"Ashford","DECD PILOT Grant",0,0
"Ashford","LoCIP",51057,49252
"Ashford","Town Aid Road",290968.64,291170
"Ashford","Total",393475.62,393780.57
"Brooklyn","Colleges & Hospitals PILOT",0,0
"Brooklyn","Elderly Circuit Breaker",49835.62,53860.87
"Brooklyn","State Property PILOT",142639.48,153425.43
"Brooklyn","Veterans' Exemption",5069.31,4233.77
"Brooklyn","Disability Exemption",837.71,885.71
"Brooklyn","Pequot Grants",245187.07,225240.09
"Brooklyn","Elderly Freeze",1459.75,1459.75
"Brooklyn","DECD Tax Abatement",0,0
"Brooklyn","DECD PILOT Grant",0,0
"Brooklyn","LoCIP",73843,72385
"Brooklyn","Town Aid Road",241683.14,241660
"Brooklyn","Total",760555.08,753150.62
"Canterbury","Colleges & Hospitals PILOT",0,0
"Canterbury","Elderly Circuit Breaker",36709.76,38418.41
"Canterbury","State Property PILOT",9766.53,10752.17
"Canterbury","Veterans' Exemption",6594.62,6415.1
"Canterbury","Disability Exemption",783.88,714.7
"Canterbury","Pequot Grants",33623.2,37278.55
"Canterbury","Elderly Freeze",0,0
"Canterbury","DECD Tax Abatement",0,0
"Canterbury","DECD PILOT Grant",0,0
"Canterbury","LoCIP",54976,55431
"Canterbury","Town Aid Road",224597.74,224492
"Canterbury","Total",367051.73,373501.93
"Chaplin","Colleges & Hospitals PILOT",0,0
"Chaplin","Elderly Circuit Breaker",19076.53,18014.66
"Chaplin","State Property PILOT",62340.06,63646.57
"Chaplin","Veterans' Exemption",393.15,398.5
"Chaplin","Disability Exemption",345.33,451.44
"Chaplin","Pequot Grants",83102.43,83587.3
"Chaplin","Elderly Freeze",0,0
"Chaplin","DECD Tax Abatement",0,0
"Chaplin","DECD PILOT Grant",0,0
"Chaplin","LoCIP",27498,27157
"Chaplin","Town Aid Road",189162.46,189072
"Chaplin","Total",381917.96,382327.47
"Eastford","Colleges & Hospitals PILOT",0,0
"Eastford","Elderly Circuit Breaker",14719.76,16623.02
"Eastford","State Property PILOT",6659.47,7020.8
"Eastford","Veterans' Exemption",431.88,609.92
"Eastford","Disability Exemption",113.66,147.97
"Eastford","Pequot Grants",13098.98,14309.08
"Eastford","Elderly Freeze",0,0
"Eastford","DECD Tax Abatement",0,0
"Eastford","DECD PILOT Grant",0,0
"Eastford","LoCIP",23050,22868
"Eastford","Town Aid Road",175099,174957
"Eastford","Total",233172.75,236535.79
"Hampton","Colleges & Hospitals PILOT",0,0
"Hampton","Elderly Circuit Breaker",17304.94,15129.56
"Hampton","State Property PILOT",28529.96,30685.62
"Hampton","Veterans' Exemption",1043.27,1061.35
"Hampton","Disability Exemption",461.15,532.15
"Hampton","Pequot Grants",12716.63,14750.23
"Hampton","Elderly Freeze",0,0
"Hampton","DECD Tax Abatement",0,0
"Hampton","DECD PILOT Grant",0,0
"Hampton","LoCIP",28877,28035
"Hampton","Town Aid Road",187969.91,188095
"Hampton","Total",276902.86,278288.91
"Killingly","Colleges & Hospitals PILOT",0,0
"Killingly","Elderly Circuit Breaker",160781.77,154287.65
"Killingly","State Property PILOT",246326.02,278145.79
"Killingly","Veterans' Exemption",9178.56,11582.15
"Killingly","Disability Exemption",3926.7,4762.35
"Killingly","Pequot Grants",150886.05,158610.05
"Killingly","Elderly Freeze",0,0
"Killingly","DECD Tax Abatement",0,0
"Killingly","DECD PILOT Grant",0,0
"Killingly","LoCIP",148014,143681
"Killingly","Town Aid Road",362879.46,362264
"Killingly","Total",1081992.56,1113332.99
"Plainfield","Colleges & Hospitals PILOT",33077.53,43393.25
"Plainfield","Elderly Circuit Breaker",109361.66,117199.62
"Plainfield","State Property PILOT",41376.49,57394.81
"Plainfield","Veterans' Exemption",7057.47,6473.23
"Plainfield","Disability Exemption",3123.38,3184.05
"Plainfield","Pequot Grants",160114.14,182339.83
"Plainfield","Elderly Freeze",0,0
"Plainfield","DECD Tax Abatement",0,0
"Plainfield","DECD PILOT Grant",0,0
"Plainfield","LoCIP",127716,129537
"Plainfield","Town Aid Road",291295.31,290104
"Plainfield","Total",773121.98,829625.79
"Pomfret","Colleges & Hospitals PILOT",0,0
"Pomfret","Elderly Circuit Breaker",20262.94,20769.6
"Pomfret","State Property PILOT",43176.07,48075.38
"Pomfret","Veterans' Exemption",5481.59,5609.99
"Pomfret","Disability Exemption",419.21,411.35
"Pomfret","Pequot Grants",20304.27,22647.6
"Pomfret","Elderly Freeze",0,0
"Pomfret","DECD Tax Abatement",0,0
"Pomfret","DECD PILOT Grant",0,0
"Pomfret","LoCIP",47325,46820
"Pomfret","Town Aid Road",242649.54,242643
"Pomfret","Total",379618.62,386976.92
"Putnam","Colleges & Hospitals PILOT",223818.21,232492.63
"Putnam","Elderly Circuit Breaker",72724.93,75560
"Putnam","State Property PILOT",30771.44,33308.69
"Putnam","Veterans' Exemption",3234.58,3062.88
"Putnam","Disability Exemption",1836.51,1815.83
"Putnam","Pequot Grants",114011.49,119285.29
"Putnam","Elderly Freeze",0,0
"Putnam","DECD Tax Abatement",0,0
"Putnam","DECD PILOT Grant",0,0
"Putnam","LoCIP",78759,84782
"Putnam","Town Aid Road",239316.68,238506
"Putnam","Total",764472.84,788813.32
"Scotland","Colleges & Hospitals PILOT",0,0
"Scotland","Elderly Circuit Breaker",7606.78,9564.24
"Scotland","State Property PILOT",23207.51,25201.83
"Scotland","Veterans' Exemption",901.28,531.3
"Scotland","Disability Exemption",529.87,542.27
"Scotland","Pequot Grants",15677.32,17603.83
"Scotland","Elderly Freeze",0,0
"Scotland","DECD Tax Abatement",0,0
"Scotland","DECD PILOT Grant",0,0
"Scotland","LoCIP",21492,21198
"Scotland","Town Aid Road",154059.45,153925
"Scotland","Total",223474.21,228566.47
"Sterling","Colleges & Hospitals PILOT",0,0
"Sterling","Elderly Circuit Breaker",19860.32,21714.79
"Sterling","State Property PILOT",6842.53,5951.67
"Sterling","Veterans' Exemption",2770.72,984.8
"Sterling","Disability Exemption",971.37,1125.53
"Sterling","Pequot Grants",33461.47,35405.73
"Sterling","Elderly Freeze",0,0
"Sterling","DECD Tax Abatement",0,0
"Sterling","DECD PILOT Grant",0,0
"Sterling","LoCIP",40652,40587
"Sterling","Town Aid Road",192374.54,192124
"Sterling","Total",296932.95,297893.52
"Thompson","Colleges & Hospitals PILOT",2379.35,2481.58
"Thompson","Elderly Circuit Breaker",85029.4,85421.12
"Thompson","State Property PILOT",10624.25,11540.25
"Thompson","Veterans' Exemption",18820.06,18519.12
"Thompson","Disability Exemption",2411.5,2297.24
"Thompson","Pequot Grants",69723.37,70913.45
"Thompson","Elderly Freeze",0,0
"Thompson","DECD Tax Abatement",0,0
"Thompson","DECD PILOT Grant",0,0
"Thompson","LoCIP",92228,89902
"Thompson","Town Aid Road",253431.08,253138
"Thompson","Total",534647.01,534212.76
"Windham","Colleges & Hospitals PILOT",637832.45,668311.65
"Windham","Elderly Circuit Breaker",121522.99,109672.58
"Windham","State Property PILOT",2787866.09,3047008.04
"Windham","Veterans' Exemption",12201.76,13265.41
"Windham","Disability Exemption",4326.78,4933.51
"Windham","Pequot Grants",881840.54,892576.74
"Windham","Elderly Freeze",1166,0
"Windham","DECD Tax Abatement",0,0
"Windham","DECD PILOT Grant",77882,56620
"Windham","LoCIP",246882,263899
"Windham","Town Aid Road",370007.23,368387
"Windham","Total",5141527.84,5424673.93
"Woodstock","Colleges & Hospitals PILOT",0,0
"Woodstock","Elderly Circuit Breaker",46552.85,46709.23
"Woodstock","State Property PILOT",8633.74,9499.38
"Woodstock","Veterans' Exemption",6986.88,6296.6
"Woodstock","Disability Exemption",942.24,886.03
"Woodstock","Pequot Grants",32499.98,33641.61
"Woodstock","Elderly Freeze",0,0
"Woodstock","DECD Tax Abatement",0,0
"Woodstock","DECD PILOT Grant",0,0
"Woodstock","LoCIP",84060,83243
"Woodstock","Town Aid Road",379886.43,380393
"Woodstock","Total",559562.12,560668.85
"Connecticut","Colleges & Hospitals PILOT",115431737,125431737
"Connecticut","Elderly Circuit Breaker",20504900,20504949.36
"Connecticut","State Property PILOT",78320157.79,83641646
"Connecticut","Veterans' Exemption",2970098,2970098
"Connecticut","Disability Exemption",4e+05,4e+05
"Connecticut","Pequot Grants",61706235.18,61779907.09
"Connecticut","Elderly Freeze",171355.94,120870.8
"Connecticut","DECD Tax Abatement",1444646,1372414
"Connecticut","DECD PILOT Grant",1873400,1779730
"Connecticut","LoCIP",3e+07,29971781
"Connecticut","Town Aid Road",6e+07,59772167
"Connecticut","Total",372822529.91,387745300.25
